{"persons":{"person":[{"@id":3903635,"lastName":"kSvnf9Ie7f","postCode":"4x1AM4spc6","address1":"bRT4DcRKaT","address2":"dkQzRf7ipn","firstName":"bKpGXkMY0m","country":"MLj8lyQ5Sh","city":"uBCJxwAi_G"},{"@id":-1739379707,"lastName":"M_av2zb_Ax","postCode":"dWoXIKPWsG","address1":"uzRHL8Ggw4","address2":"KfeK6N2xow","firstName":"B8Sy6GuY0R","country":"PeB2LlUC3y","city":"rul8OcHYyP"},{"@id":-1315185764,"lastName":"caEU2OwOiV","postCode":"cJJLvaSFQN","address1":"VOH1WC6Psx","address2":"ct9kCsDSdM","firstName":"N4waskl3MN","country":"otZ2mSYBlj","city":"VE_fznwyXW"},{"@id":1323953823,"lastName":"aYNMfuYOUD","postCode":"7Lxbgou7bg","address1":"tWZBBIYKpc","address2":"d7M3PlGRpa","firstName":"yM1vmLROm8","country":"4muwTivX5e","city":"IxtWg7ZNa3"},{"@id":-1565648194,"lastName":"F35Wpzhcy9","postCode":"daV0hGKmrm","address1":"h8uQpcn1k6","address2":"zfTxds93eG","firstName":"YHdNJjyLFb","country":"zeBJ44036z","city":"Fi9YdxBFa3"},{"@id":-770361610,"lastName":"QjqTlzw3tP","postCode":"3OdIZTn2YG","address1":"zvuxhZyUwu","address2":"9fBuFNPVKR","firstName":"_J1F7NrxJC","country":"VsZLYWrBAU","city":"7lbYpFbh3f"},{"@id":-308066915,"lastName":"OsUBdjGQnL","postCode":"QQJGX17CqW","address1":"o68xBR2oNo","address2":"8PsJvOiYg_","firstName":"JdCCya4fqy","country":"R5jCLJ_NyD","city":"ruE9OHSX8s"},{"@id":1241281713,"lastName":"ZuocfMryeS","postCode":"SDO9_QC0dk","address1":"Y8iq9iaeA_","address2":"lZqe6xyxSx","firstName":"IK7ggpUsYR","country":"EWDPqllhrA","city":"psQbd3TH4L"},{"@id":-1342375179,"lastName":"g3rzKuUtOt","postCode":"amvRWKpOJI","address1":"Yl4kgMtGpc","address2":"gX43FItnMe","firstName":"VvKRszTjlN","country":"DEpM8kwZx3","city":"vFHA0Bvgw7"},{"@id":1407640046,"lastName":"mWgamfFRtQ","postCode":"3uHuDfNl1v","address1":"SKIGzXbbcy","address2":"9JD0UQ_GFd","firstName":"Ek65SuKlCO","country":"wxumnkr4LX","city":"CGDJX1Zva3"}]}}