<?xml version='1.0' encoding='utf-8' ?>
<n0:persons xmlns:n0="http://www.leansoft.com/person">
  <n0:person id="554632030">
    <n0:lastName>AFuV2zMkU3</n0:lastName>
    <n0:postCode>txBA23GW34</n0:postCode>
    <n0:address1>TffqVlpA7C</n0:address1>
    <n0:address2>xYruDHN389</n0:address2>
    <n0:firstName>vTBcfYI59P</n0:firstName>
    <n0:country>n4sG_3aYOM</n0:country>
    <n0:city>1YCHU30PbB</n0:city>
  </n0:person>
  <n0:person id="-1918111166">
    <n0:lastName>z9FEORIYDQ</n0:lastName>
    <n0:postCode>emKP4nsmjW</n0:postCode>
    <n0:address1>h_fxBJ4J_P</n0:address1>
    <n0:address2>9fRf7IalNG</n0:address2>
    <n0:firstName>B4JfpyWZ6z</n0:firstName>
    <n0:country>lHSFHNA8Dc</n0:country>
    <n0:city>xxpKUKMyPw</n0:city>
  </n0:person>
  <n0:person id="-1094381245">
    <n0:lastName>SUtLNKyEUh</n0:lastName>
    <n0:postCode>_bABQXh_JU</n0:postCode>
    <n0:address1>ymprORs26Z</n0:address1>
    <n0:address2>9oI6HD0NtR</n0:address2>
    <n0:firstName>alMXMhfLMy</n0:firstName>
    <n0:country>NxRa8MF41F</n0:country>
    <n0:city>CTf1UnU0tr</n0:city>
  </n0:person>
  <n0:person id="295945287">
    <n0:lastName>SrsUUd6kUa</n0:lastName>
    <n0:postCode>bFhmq3tyhj</n0:postCode>
    <n0:address1>_Yg4_saQK0</n0:address1>
    <n0:address2>4KS3yrO0wZ</n0:address2>
    <n0:firstName>m0Oh4M1cGj</n0:firstName>
    <n0:country>xin8620jj7</n0:country>
    <n0:city>ZMjIsaC1w4</n0:city>
  </n0:person>
  <n0:person id="-1279339270">
    <n0:lastName>Ezicd6pvtd</n0:lastName>
    <n0:postCode>XTZXGkou51</n0:postCode>
    <n0:address1>7FPAZK_YV6</n0:address1>
    <n0:address2>oKcy5lafOW</n0:address2>
    <n0:firstName>PoMCCPHKpp</n0:firstName>
    <n0:country>PjqEwneiPa</n0:country>
    <n0:city>X_rNAyEBG4</n0:city>
  </n0:person>
  <n0:person id="-724884383">
    <n0:lastName>TJwGXB3Dwg</n0:lastName>
    <n0:postCode>_RvYElTER5</n0:postCode>
    <n0:address1>zOOKWE3h_U</n0:address1>
    <n0:address2>cJkwUOOpmY</n0:address2>
    <n0:firstName>eWlGYIyZQ3</n0:firstName>
    <n0:country>xuQc4UHX5O</n0:country>
    <n0:city>tksePoTwMD</n0:city>
  </n0:person>
  <n0:person id="-1898846291">
    <n0:lastName>YPQFyRq8BJ</n0:lastName>
    <n0:postCode>cg1vtQu9Pf</n0:postCode>
    <n0:address1>dtyrBz3peD</n0:address1>
    <n0:address2>FaExRDhLFD</n0:address2>
    <n0:firstName>mTRDLqNU2k</n0:firstName>
    <n0:country>s7EjZReqFy</n0:country>
    <n0:city>elThbyHNZV</n0:city>
  </n0:person>
  <n0:person id="1377177065">
    <n0:lastName>1_QY_PMk83</n0:lastName>
    <n0:postCode>_DXkIxrNXw</n0:postCode>
    <n0:address1>xK5pGvkgT5</n0:address1>
    <n0:address2>7MeDHWvktT</n0:address2>
    <n0:firstName>EZSTbuG6fl</n0:firstName>
    <n0:country>HajixFguly</n0:country>
    <n0:city>CQGuIOpleS</n0:city>
  </n0:person>
  <n0:person id="-998017299">
    <n0:lastName>7fNV5hBiMQ</n0:lastName>
    <n0:postCode>yx1BiLsfYR</n0:postCode>
    <n0:address1>s62RIiIIpN</n0:address1>
    <n0:address2>UipmqhIVMY</n0:address2>
    <n0:firstName>wACsUwiZtE</n0:firstName>
    <n0:country>klbHRQN8dr</n0:country>
    <n0:city>zKZ5NO4qAF</n0:city>
  </n0:person>
  <n0:person id="-1094972605">
    <n0:lastName>ihrDDoRI4W</n0:lastName>
    <n0:postCode>zapUFijSiq</n0:postCode>
    <n0:address1>aCUN1LVD2K</n0:address1>
    <n0:address2>FRD1pfQzur</n0:address2>
    <n0:firstName>X2Bn2uIQ33</n0:firstName>
    <n0:country>OJxjAdwXgA</n0:country>
    <n0:city>qPr6t8nV9A</n0:city>
  </n0:person>
</n0:persons>