<?xml version='1.0' encoding='utf-8' ?>
<n0:persons xmlns:n0="http://www.leansoft.com/person">
  <n0:person id="1980619246">
    <n0:lastName>MMbT29lHr3</n0:lastName>
    <n0:postCode>jeudm1_m4J</n0:postCode>
    <n0:address1>ujGdIZOs9H</n0:address1>
    <n0:address2>1PnyoxlTIF</n0:address2>
    <n0:firstName>h20TQBucB2</n0:firstName>
    <n0:country>ufXTrYhkbM</n0:country>
    <n0:city>gCRxq0pOit</n0:city>
  </n0:person>
  <n0:person id="384291057">
    <n0:lastName>vEDjAQSGS9</n0:lastName>
    <n0:postCode>JfZOxpUkxF</n0:postCode>
    <n0:address1>Jp9n99Md_l</n0:address1>
    <n0:address2>o1TYgshIKk</n0:address2>
    <n0:firstName>N1B_WEqVlv</n0:firstName>
    <n0:country>9mQKuV5kfh</n0:country>
    <n0:city>bR1A9pygi1</n0:city>
  </n0:person>
  <n0:person id="1519760170">
    <n0:lastName>9rCzdgcH0k</n0:lastName>
    <n0:postCode>ZscmxHTAoM</n0:postCode>
    <n0:address1>2qHYDujWFZ</n0:address1>
    <n0:address2>WEc0n54qQw</n0:address2>
    <n0:firstName>BIvz8qnZgT</n0:firstName>
    <n0:country>d7RTsfHc8L</n0:country>
    <n0:city>QhadjJeSTI</n0:city>
  </n0:person>
  <n0:person id="-1695746349">
    <n0:lastName>6cJhUnfXYW</n0:lastName>
    <n0:postCode>SZxZneKseQ</n0:postCode>
    <n0:address1>B6Lkaf_Eyi</n0:address1>
    <n0:address2>b2cobWG0yC</n0:address2>
    <n0:firstName>8W_0jtCLx6</n0:firstName>
    <n0:country>sT48ySnZqK</n0:country>
    <n0:city>p_xEB5lLUv</n0:city>
  </n0:person>
  <n0:person id="-302423107">
    <n0:lastName>eHEtfw3h9O</n0:lastName>
    <n0:postCode>kM6czIJGpk</n0:postCode>
    <n0:address1>40pHHaDdVY</n0:address1>
    <n0:address2>KTRfO0oDc_</n0:address2>
    <n0:firstName>Gpzspz_YmO</n0:firstName>
    <n0:country>HdvO_cSGib</n0:country>
    <n0:city>0IOK9deNw4</n0:city>
  </n0:person>
  <n0:person id="-593740238">
    <n0:lastName>a2eccJ_Hgr</n0:lastName>
    <n0:postCode>gJs0rcprgD</n0:postCode>
    <n0:address1>EgXEGwGbtV</n0:address1>
    <n0:address2>Yg42ugmdLN</n0:address2>
    <n0:firstName>CArvN_oDV6</n0:firstName>
    <n0:country>xplX11_Zcv</n0:country>
    <n0:city>b1thS94_fR</n0:city>
  </n0:person>
  <n0:person id="1807774147">
    <n0:lastName>JJkEd6spXq</n0:lastName>
    <n0:postCode>yoxjNmbLvd</n0:postCode>
    <n0:address1>wxZJ2MzIFd</n0:address1>
    <n0:address2>RroiuRB5lT</n0:address2>
    <n0:firstName>QgU4_5YONX</n0:firstName>
    <n0:country>ZiJPkk2rzX</n0:country>
    <n0:city>99OgmAZyDU</n0:city>
  </n0:person>
  <n0:person id="793735423">
    <n0:lastName>KrnR_ytU9L</n0:lastName>
    <n0:postCode>EKnZ9vRmGo</n0:postCode>
    <n0:address1>VR0rgEh8KB</n0:address1>
    <n0:address2>KyNsebDAWA</n0:address2>
    <n0:firstName>CHNZPiQKJH</n0:firstName>
    <n0:country>APtDl_9P8C</n0:country>
    <n0:city>uhACvNy0Li</n0:city>
  </n0:person>
  <n0:person id="668604690">
    <n0:lastName>Uhch3OBCUs</n0:lastName>
    <n0:postCode>vCssSibP9C</n0:postCode>
    <n0:address1>ct6oVtU5vd</n0:address1>
    <n0:address2>0mgt1tl8YS</n0:address2>
    <n0:firstName>Lw1dooZvnl</n0:firstName>
    <n0:country>SgmOqbIQIw</n0:country>
    <n0:city>MT6tT8sTzs</n0:city>
  </n0:person>
  <n0:person id="702428219">
    <n0:lastName>qH9AZvBDff</n0:lastName>
    <n0:postCode>h7lXUzbNmr</n0:postCode>
    <n0:address1>4Zr37WPh3h</n0:address1>
    <n0:address2>sZ9qepPH08</n0:address2>
    <n0:firstName>XC3OViws42</n0:firstName>
    <n0:country>WdCuJpnOag</n0:country>
    <n0:city>YhWib7CpTr</n0:city>
  </n0:person>
  <n0:person id="-617873680">
    <n0:lastName>DRmZuyCpMW</n0:lastName>
    <n0:postCode>pP4LuKn3L4</n0:postCode>
    <n0:address1>VeWvHpM_qZ</n0:address1>
    <n0:address2>_DxWGtMFHU</n0:address2>
    <n0:firstName>VTi1X9h7op</n0:firstName>
    <n0:country>8WfwEBNzsc</n0:country>
    <n0:city>67eQWaTVIm</n0:city>
  </n0:person>
  <n0:person id="1440427298">
    <n0:lastName>0X9qrJ0wbM</n0:lastName>
    <n0:postCode>HiFJHkyGIs</n0:postCode>
    <n0:address1>4OyeBIesKs</n0:address1>
    <n0:address2>F4xMrzC3Tr</n0:address2>
    <n0:firstName>0QLZPgtKWk</n0:firstName>
    <n0:country>ZuptKSq0ly</n0:country>
    <n0:city>gKsHr4X09j</n0:city>
  </n0:person>
  <n0:person id="-1979002633">
    <n0:lastName>y0U5drcUD_</n0:lastName>
    <n0:postCode>lCk7RMJCXR</n0:postCode>
    <n0:address1>Izsog7AJCN</n0:address1>
    <n0:address2>pW2GjEqZRn</n0:address2>
    <n0:firstName>RxKgthngxa</n0:firstName>
    <n0:country>ovU1Xds4fo</n0:country>
    <n0:city>hGfbj5KnbV</n0:city>
  </n0:person>
  <n0:person id="1536682470">
    <n0:lastName>GSwcG0Ic5r</n0:lastName>
    <n0:postCode>8ontG2ALWc</n0:postCode>
    <n0:address1>sdGG4HbQzR</n0:address1>
    <n0:address2>rCnnVqwxtj</n0:address2>
    <n0:firstName>2HZqh1vwor</n0:firstName>
    <n0:country>14Bnyu53oj</n0:country>
    <n0:city>9JyPA2lC8Q</n0:city>
  </n0:person>
  <n0:person id="649359030">
    <n0:lastName>wcWY_G0e73</n0:lastName>
    <n0:postCode>HmdYczKkyX</n0:postCode>
    <n0:address1>imQ4CrKKi0</n0:address1>
    <n0:address2>FpfDABwO8b</n0:address2>
    <n0:firstName>wLXR9whPE_</n0:firstName>
    <n0:country>5mJu4bqIuK</n0:country>
    <n0:city>nbo3t6zK7b</n0:city>
  </n0:person>
  <n0:person id="1773316839">
    <n0:lastName>b7YQk7CeiU</n0:lastName>
    <n0:postCode>4DkTvuQND7</n0:postCode>
    <n0:address1>vrhnnw2WTF</n0:address1>
    <n0:address2>LttOxBkNo5</n0:address2>
    <n0:firstName>oOwQmcDkQB</n0:firstName>
    <n0:country>ZSvBedYUQ0</n0:country>
    <n0:city>qYedowWHmn</n0:city>
  </n0:person>
  <n0:person id="1253530844">
    <n0:lastName>aXDzeki9FC</n0:lastName>
    <n0:postCode>CFS5UUyoya</n0:postCode>
    <n0:address1>JZadAJ4XKv</n0:address1>
    <n0:address2>JRbz4dn_Db</n0:address2>
    <n0:firstName>D3ODsrZ4y9</n0:firstName>
    <n0:country>42Rll35ZsZ</n0:country>
    <n0:city>mxD3N715lG</n0:city>
  </n0:person>
  <n0:person id="-1403652221">
    <n0:lastName>Z8A_benkUM</n0:lastName>
    <n0:postCode>5NRWjr7x7V</n0:postCode>
    <n0:address1>1mQZjRQuDa</n0:address1>
    <n0:address2>1J50trUJZ7</n0:address2>
    <n0:firstName>LHAcU8Cqzw</n0:firstName>
    <n0:country>ICafRwfUSi</n0:country>
    <n0:city>txgdcJDtsN</n0:city>
  </n0:person>
  <n0:person id="-1301507601">
    <n0:lastName>8oOdK6qyQv</n0:lastName>
    <n0:postCode>NmI_lKahoe</n0:postCode>
    <n0:address1>QflXN9Ie70</n0:address1>
    <n0:address2>qMsRchHwO7</n0:address2>
    <n0:firstName>V7cXsr00Wh</n0:firstName>
    <n0:country>890_TF18qA</n0:country>
    <n0:city>nhGzIxmJ44</n0:city>
  </n0:person>
  <n0:person id="-1229389318">
    <n0:lastName>xDkUxs4vkM</n0:lastName>
    <n0:postCode>XVqHP0Oa71</n0:postCode>
    <n0:address1>sYNO9hDTo5</n0:address1>
    <n0:address2>CUtHpEL2nv</n0:address2>
    <n0:firstName>d9MTA34_eJ</n0:firstName>
    <n0:country>poqLEBRwQk</n0:country>
    <n0:city>mKR62uhUrD</n0:city>
  </n0:person>
  <n0:person id="-1034453041">
    <n0:lastName>b2ubD1CLJP</n0:lastName>
    <n0:postCode>TbEMUF0Yxg</n0:postCode>
    <n0:address1>fVr2httiUD</n0:address1>
    <n0:address2>IEFf_oWrA1</n0:address2>
    <n0:firstName>CS8RMgIi2c</n0:firstName>
    <n0:country>teXGtq0pBw</n0:country>
    <n0:city>NoIvmZQt20</n0:city>
  </n0:person>
  <n0:person id="-928296965">
    <n0:lastName>mzmXhlgYZi</n0:lastName>
    <n0:postCode>qF_2HBwSNG</n0:postCode>
    <n0:address1>iN9IV2MIYQ</n0:address1>
    <n0:address2>br0AsW8TE0</n0:address2>
    <n0:firstName>8M5iGqkkIl</n0:firstName>
    <n0:country>HTehBgGGzw</n0:country>
    <n0:city>egsrEh9J7d</n0:city>
  </n0:person>
  <n0:person id="-1372233052">
    <n0:lastName>Z_cXeVUYzw</n0:lastName>
    <n0:postCode>QyeFGPqSWf</n0:postCode>
    <n0:address1>Pb0Uit_j8k</n0:address1>
    <n0:address2>Hut1IDIELn</n0:address2>
    <n0:firstName>jCDplbEPKl</n0:firstName>
    <n0:country>2T_wnpXaFD</n0:country>
    <n0:city>nypvoTnoHz</n0:city>
  </n0:person>
  <n0:person id="-70354484">
    <n0:lastName>Eb_VkOLSpc</n0:lastName>
    <n0:postCode>823sCOkqJc</n0:postCode>
    <n0:address1>bo8xGcJiUY</n0:address1>
    <n0:address2>iz3NF4Fx9F</n0:address2>
    <n0:firstName>YcyAPU2bSe</n0:firstName>
    <n0:country>qCzCEzWCee</n0:country>
    <n0:city>6EYHA2JW23</n0:city>
  </n0:person>
  <n0:person id="814064873">
    <n0:lastName>XRSC7IAOJo</n0:lastName>
    <n0:postCode>LBAUjkEM59</n0:postCode>
    <n0:address1>WdkjmelUPa</n0:address1>
    <n0:address2>nkm1C1GWs0</n0:address2>
    <n0:firstName>5QtCe8yRdR</n0:firstName>
    <n0:country>GNtB2kxAdV</n0:country>
    <n0:city>LbvUyuPwj_</n0:city>
  </n0:person>
  <n0:person id="1366894647">
    <n0:lastName>_qdHhowneK</n0:lastName>
    <n0:postCode>E_uk0N6v7k</n0:postCode>
    <n0:address1>7yT9PkMyOi</n0:address1>
    <n0:address2>nBS7xB5xrB</n0:address2>
    <n0:firstName>wwmVMbKGk7</n0:firstName>
    <n0:country>eN4N0qj4Ep</n0:country>
    <n0:city>Cc4VTqlXlU</n0:city>
  </n0:person>
  <n0:person id="812605858">
    <n0:lastName>JUV5CWquol</n0:lastName>
    <n0:postCode>314JgQdSop</n0:postCode>
    <n0:address1>lQ3fatvb1y</n0:address1>
    <n0:address2>KNKOvE_2M_</n0:address2>
    <n0:firstName>1ci_0Qk3dK</n0:firstName>
    <n0:country>ETsYoX2SEm</n0:country>
    <n0:city>eb1Ye56Mc9</n0:city>
  </n0:person>
  <n0:person id="-1093117545">
    <n0:lastName>KncFsFfRw6</n0:lastName>
    <n0:postCode>rjvB3mq1cN</n0:postCode>
    <n0:address1>oX5iENSulx</n0:address1>
    <n0:address2>upjRLK8sA4</n0:address2>
    <n0:firstName>3kGBUUuz4w</n0:firstName>
    <n0:country>Kmg8ctnScg</n0:country>
    <n0:city>76ko6F1vnO</n0:city>
  </n0:person>
  <n0:person id="-1008334581">
    <n0:lastName>N0XB5HWnkS</n0:lastName>
    <n0:postCode>9fC2DR9HNb</n0:postCode>
    <n0:address1>ag_7n3FVSr</n0:address1>
    <n0:address2>0XwzWlsOV_</n0:address2>
    <n0:firstName>bg2pb36WWz</n0:firstName>
    <n0:country>dn3CQGAaIh</n0:country>
    <n0:city>K7loNsY7fX</n0:city>
  </n0:person>
  <n0:person id="1925411010">
    <n0:lastName>2Lfm0EoA0b</n0:lastName>
    <n0:postCode>bAc0h1VDkp</n0:postCode>
    <n0:address1>U6NhOkwTKQ</n0:address1>
    <n0:address2>JYBevf_Ft3</n0:address2>
    <n0:firstName>yf0hb6xPWB</n0:firstName>
    <n0:country>iV1HODDSMg</n0:country>
    <n0:city>ako6MrxdXT</n0:city>
  </n0:person>
  <n0:person id="-1360283321">
    <n0:lastName>9N9wXhawaG</n0:lastName>
    <n0:postCode>m8b3EVd5Ru</n0:postCode>
    <n0:address1>GPL6apX5sx</n0:address1>
    <n0:address2>BrIvHWqBnR</n0:address2>
    <n0:firstName>6A41HnK5OR</n0:firstName>
    <n0:country>O0WlBCZbrE</n0:country>
    <n0:city>w47pp9H89e</n0:city>
  </n0:person>
  <n0:person id="1680290976">
    <n0:lastName>O30Y4JH0w_</n0:lastName>
    <n0:postCode>3ewER5SM97</n0:postCode>
    <n0:address1>uENqQgnqhm</n0:address1>
    <n0:address2>eaNgV2s0p5</n0:address2>
    <n0:firstName>c9bXC41Wxq</n0:firstName>
    <n0:country>navRVT3KaQ</n0:country>
    <n0:city>EbkLLjiGMd</n0:city>
  </n0:person>
  <n0:person id="-1075164214">
    <n0:lastName>njnoEQJgRz</n0:lastName>
    <n0:postCode>m_Kn_bgXYy</n0:postCode>
    <n0:address1>ctEddESkyK</n0:address1>
    <n0:address2>MkEVy7qNPQ</n0:address2>
    <n0:firstName>3ooKh2fz8n</n0:firstName>
    <n0:country>NI1YBa8OfO</n0:country>
    <n0:city>XXQqj2NioR</n0:city>
  </n0:person>
  <n0:person id="-450837076">
    <n0:lastName>X381f_C653</n0:lastName>
    <n0:postCode>KffwjuORlS</n0:postCode>
    <n0:address1>gpmUfdK5_j</n0:address1>
    <n0:address2>WWgzGgxshb</n0:address2>
    <n0:firstName>vl477qkv5O</n0:firstName>
    <n0:country>DUg2tRQ6g7</n0:country>
    <n0:city>dZF0hugVo0</n0:city>
  </n0:person>
  <n0:person id="189544860">
    <n0:lastName>2f4qZPkc3Z</n0:lastName>
    <n0:postCode>zEW9xAqsJU</n0:postCode>
    <n0:address1>aIefA48_jp</n0:address1>
    <n0:address2>8qkKhf2aQG</n0:address2>
    <n0:firstName>Fh1yZQrUm2</n0:firstName>
    <n0:country>MHhKD55R1C</n0:country>
    <n0:city>c3pL5Kf1Q1</n0:city>
  </n0:person>
  <n0:person id="1782527675">
    <n0:lastName>POLXkCFG6F</n0:lastName>
    <n0:postCode>_uu_loXgi_</n0:postCode>
    <n0:address1>4w9hSKTK5O</n0:address1>
    <n0:address2>R_AsWLSrdQ</n0:address2>
    <n0:firstName>7Jp8USZIBD</n0:firstName>
    <n0:country>yr1cN0TxJ5</n0:country>
    <n0:city>dMOvu9fSGs</n0:city>
  </n0:person>
  <n0:person id="-410477657">
    <n0:lastName>iG_Wx5f4_T</n0:lastName>
    <n0:postCode>4WRGwNtD1c</n0:postCode>
    <n0:address1>w4NZGvGczh</n0:address1>
    <n0:address2>8cLlD5Eknd</n0:address2>
    <n0:firstName>PUH2hd01gB</n0:firstName>
    <n0:country>bSAHZOaT6x</n0:country>
    <n0:city>iX2KN84eO0</n0:city>
  </n0:person>
  <n0:person id="-950077263">
    <n0:lastName>G0HHbveL5L</n0:lastName>
    <n0:postCode>NehZFV3p0H</n0:postCode>
    <n0:address1>X7jJ_rQcQh</n0:address1>
    <n0:address2>QP7fwc5McI</n0:address2>
    <n0:firstName>gxtpu7TRKH</n0:firstName>
    <n0:country>7skdPBeROL</n0:country>
    <n0:city>vDaPr5Mu1p</n0:city>
  </n0:person>
  <n0:person id="-1554087512">
    <n0:lastName>H595L5ZFtg</n0:lastName>
    <n0:postCode>rYp_wbsvn5</n0:postCode>
    <n0:address1>h9zZokojfc</n0:address1>
    <n0:address2>0zaSwe5LC6</n0:address2>
    <n0:firstName>SbK8qfmt5w</n0:firstName>
    <n0:country>iI6yxsxWAI</n0:country>
    <n0:city>fsCoDBcz0H</n0:city>
  </n0:person>
  <n0:person id="960115988">
    <n0:lastName>ObjDCc_oAH</n0:lastName>
    <n0:postCode>JjaglRNsZz</n0:postCode>
    <n0:address1>I4vjUd_EBQ</n0:address1>
    <n0:address2>x9HdKmUFfN</n0:address2>
    <n0:firstName>AXOEtA82ib</n0:firstName>
    <n0:country>lyUtU2u0sm</n0:country>
    <n0:city>2kNlXpsUwx</n0:city>
  </n0:person>
  <n0:person id="1371337091">
    <n0:lastName>Mccl2jGQ77</n0:lastName>
    <n0:postCode>1jtiniZa9A</n0:postCode>
    <n0:address1>3FeqlOupqO</n0:address1>
    <n0:address2>QoQ4TeMk0X</n0:address2>
    <n0:firstName>ym5rOnQvfY</n0:firstName>
    <n0:country>eC8Gf9UDiQ</n0:country>
    <n0:city>NXBpKb5e8o</n0:city>
  </n0:person>
  <n0:person id="-1679582821">
    <n0:lastName>cVz8djBMtW</n0:lastName>
    <n0:postCode>YlnC3udRwA</n0:postCode>
    <n0:address1>T_g3OluOqB</n0:address1>
    <n0:address2>Qe97SEuLIa</n0:address2>
    <n0:firstName>Hek2RJByzH</n0:firstName>
    <n0:country>q4GABt1O7w</n0:country>
    <n0:city>SYi8CUSMic</n0:city>
  </n0:person>
  <n0:person id="1643112963">
    <n0:lastName>nLXMNdfBo5</n0:lastName>
    <n0:postCode>QrnJkqMs5g</n0:postCode>
    <n0:address1>7sRp18_Nlg</n0:address1>
    <n0:address2>JyZpdAYHZr</n0:address2>
    <n0:firstName>eMSaxEZik5</n0:firstName>
    <n0:country>C2dxClNXJw</n0:country>
    <n0:city>NkCRV1NKTp</n0:city>
  </n0:person>
  <n0:person id="1244890923">
    <n0:lastName>jRNkrB9UDG</n0:lastName>
    <n0:postCode>8gkIUxmlUe</n0:postCode>
    <n0:address1>8LGAvuQUgW</n0:address1>
    <n0:address2>L3TDhz777o</n0:address2>
    <n0:firstName>7LLlMnoSmQ</n0:firstName>
    <n0:country>eZEBayHtZp</n0:country>
    <n0:city>PHaEIJC4Ta</n0:city>
  </n0:person>
  <n0:person id="-1625419951">
    <n0:lastName>cIWx81Wvfb</n0:lastName>
    <n0:postCode>j2hWhf5Igv</n0:postCode>
    <n0:address1>LJeY2fXxjF</n0:address1>
    <n0:address2>zzRCoI7NdC</n0:address2>
    <n0:firstName>1lzhRGzHMO</n0:firstName>
    <n0:country>1kyn1bea5r</n0:country>
    <n0:city>QNcpWpU8Kj</n0:city>
  </n0:person>
  <n0:person id="-605937436">
    <n0:lastName>reyBYAz4hQ</n0:lastName>
    <n0:postCode>paMrsrOjgb</n0:postCode>
    <n0:address1>5YWtq0gbRu</n0:address1>
    <n0:address2>2zTFVbUEf2</n0:address2>
    <n0:firstName>CijD2V0bJw</n0:firstName>
    <n0:country>mElABqpcHY</n0:country>
    <n0:city>zNYjOzpi4d</n0:city>
  </n0:person>
  <n0:person id="-1638071127">
    <n0:lastName>eDW8OCoVky</n0:lastName>
    <n0:postCode>Li5YJ2Tbm8</n0:postCode>
    <n0:address1>eu6Qq4bE5H</n0:address1>
    <n0:address2>owiH1FyTud</n0:address2>
    <n0:firstName>2CXQjc6nUw</n0:firstName>
    <n0:country>n77fwtKsaM</n0:country>
    <n0:city>VYdIh6wDIc</n0:city>
  </n0:person>
  <n0:person id="-206967776">
    <n0:lastName>GOv9OPxd2s</n0:lastName>
    <n0:postCode>EAm8AHfBOs</n0:postCode>
    <n0:address1>7MV9LFXQBy</n0:address1>
    <n0:address2>Aj_1XA8_Jw</n0:address2>
    <n0:firstName>sxMbuDAS1U</n0:firstName>
    <n0:country>JW9JLtJuUc</n0:country>
    <n0:city>rLrBp6Qdnp</n0:city>
  </n0:person>
  <n0:person id="1178023437">
    <n0:lastName>Yp05CoDpCU</n0:lastName>
    <n0:postCode>HCamGtiTNA</n0:postCode>
    <n0:address1>EJX12FVpMX</n0:address1>
    <n0:address2>yNA3ox7Y4v</n0:address2>
    <n0:firstName>CcmFDijBel</n0:firstName>
    <n0:country>lWFTxKkGsB</n0:country>
    <n0:city>xbR3Zj_kpt</n0:city>
  </n0:person>
  <n0:person id="1744281759">
    <n0:lastName>1jyCHo4iae</n0:lastName>
    <n0:postCode>i5Rfz1aYiC</n0:postCode>
    <n0:address1>cIXJ7P0CUU</n0:address1>
    <n0:address2>DeFW2dnNMP</n0:address2>
    <n0:firstName>P5ZQJmgW2e</n0:firstName>
    <n0:country>HXyGO_YczZ</n0:country>
    <n0:city>qtctLDax7O</n0:city>
  </n0:person>
</n0:persons>