{"persons":{"person":[{"@id":-830940181,"lastName":"niW0feC9bq","postCode":"mWCGcJcysn","address1":"JD1WJsRVvV","address2":"cQMLq5t0vM","firstName":"uDZMwzMM0c","country":"CbxiYRJDJ_","city":"7TorBzcaM1"},{"@id":951375445,"lastName":"i1l9dP8bUz","postCode":"1r4GSypwWn","address1":"Kp945zQIeA","address2":"VAka5woviR","firstName":"QclSVp0EhD","country":"jg5p5OuCnv","city":"imFkxTfWba"},{"@id":435969047,"lastName":"V9xkOGXuxZ","postCode":"Vl3K36b_b6","address1":"rCk1qHt8xE","address2":"mX3odqSrji","firstName":"Vie79rG8ro","country":"wDWV0O8ETg","city":"mZ419GPCY9"},{"@id":681791788,"lastName":"PMxeZiC0gu","postCode":"gUv2heZAp6","address1":"EJ8xxdtQJb","address2":"V6ogv9ElDy","firstName":"DjlVKzE25A","country":"f3CEQTmeQe","city":"wJ00qtQvnu"},{"@id":435241904,"lastName":"t3wpqrbYRH","postCode":"K32C_3qSMm","address1":"VHiZJ5_aTa","address2":"xR97cBIhC2","firstName":"NsuaVNT63S","country":"CcDv788Puh","city":"IMoL8A0F62"},{"@id":292236638,"lastName":"Cm84TlHkfD","postCode":"RQtx74T0EX","address1":"aoKDWBFyVQ","address2":"IA4nr0_T6X","firstName":"gmIWMnKOuB","country":"yOzd2o_rhh","city":"e0rSTmuByV"},{"@id":-668999993,"lastName":"YmAV5oNsPY","postCode":"qqVtTicw9G","address1":"gSbAq1QzAx","address2":"DJCZvqSpzS","firstName":"hriwlyWVvu","country":"SCbD2eepZP","city":"Y3Gak6l1Gz"},{"@id":1234745795,"lastName":"S3LSFgfpu2","postCode":"ZKoBS9lyyO","address1":"eEIz7rdexH","address2":"2W84GFhQFJ","firstName":"ue8YjsEVRv","country":"PpJkgZETKc","city":"2zg6kPxHfM"},{"@id":-1334631451,"lastName":"_a5xYSQMlD","postCode":"2j6nlgRGO6","address1":"rR670ksRpY","address2":"XpevI3xHl0","firstName":"1Sd2iLCaxv","country":"h4gVARQYSS","city":"j76WeeTTno"},{"@id":-1871704166,"lastName":"6YW_DYAZqo","postCode":"1_Pv7oh8O7","address1":"bhdJ3EebuM","address2":"Z0bojJ60gU","firstName":"ji_0TZKqJ6","country":"lw1TXZHTxp","city":"5OgoVDDRb8"},{"@id":1411536992,"lastName":"sXMXcBDkHn","postCode":"kKDSl0P8tI","address1":"_xkGsiRZfB","address2":"gknF6X5Qxh","firstName":"vzvama5vOL","country":"6TfgUmNFaw","city":"400BFr5lpG"},{"@id":189072717,"lastName":"NL73qQ03zn","postCode":"XHcAYkYtvA","address1":"UCQLb5VCuO","address2":"4HNdCYj38w","firstName":"b0_ayGVwnS","country":"K793hIpusp","city":"IMvzzduvFP"},{"@id":618422883,"lastName":"vTSxQge1it","postCode":"kWFEMIo6fv","address1":"4lJDKsrQt5","address2":"zk_Q8RfAQj","firstName":"wlufwLmDu1","country":"62HzAoOCUk","city":"YWQ4TGNyov"},{"@id":1162157068,"lastName":"C3aHittNsS","postCode":"tP9ohL12Qk","address1":"zrFNCaAg6m","address2":"8K26IugaJM","firstName":"N2sAq3fZSi","country":"NQpKw2udxg","city":"dPk8j7g8xf"},{"@id":1733104336,"lastName":"fXTcpwhN13","postCode":"ul4lsaPjpV","address1":"k9GgmQL8NN","address2":"w7EGe43aR8","firstName":"6GNhP92Zr4","country":"JqwcrosLxU","city":"2S0lvFu22y"},{"@id":-332522060,"lastName":"s7fYm18ke1","postCode":"pAkvEqIKTH","address1":"xE5pm5Z_yv","address2":"9UFeTGCR5w","firstName":"sZiQ4ZbrbD","country":"Ek8VMWHGe9","city":"4Ir6VWhh9Q"},{"@id":1578570800,"lastName":"wGXoQ11g_q","postCode":"WwFSEHuuqI","address1":"Y0RCmiv6yG","address2":"gCNLGPoRTp","firstName":"28OKkvGJlv","country":"f2nIXsMW89","city":"rGruekSo2P"},{"@id":-1201937755,"lastName":"e5cdQiwR3W","postCode":"GhsCYhM9X5","address1":"xWeXGNoyaF","address2":"Cl8jErpgca","firstName":"Ai2Y9nyJv2","country":"rEsl4y4rws","city":"EUyMmCtIux"},{"@id":-151494334,"lastName":"k1fpVf6Djs","postCode":"wPLNaIwT4q","address1":"PUmLrROHG7","address2":"NRPVaw4WiY","firstName":"giwpSdPG4A","country":"GtKLSw2J6F","city":"GyUHCAdfs9"},{"@id":-242949259,"lastName":"7rfUlxkkGP","postCode":"7of4S3Nste","address1":"ydZPkBvqNR","address2":"hJx7jVk6Pb","firstName":"OPVCUtCW2n","country":"wiVZe6MloP","city":"Yw52W0lake"},{"@id":1401715951,"lastName":"FVfBkrroxz","postCode":"8M_9NQLeOn","address1":"Zq94Y3CmAc","address2":"wTgdwsOm5A","firstName":"CT8WlBghy1","country":"Ymq8TjyCLb","city":"oIRjD20HwQ"},{"@id":276750497,"lastName":"lFC_l34cfi","postCode":"vzBJXqi8_A","address1":"2loX1azwO9","address2":"MdHYESUIPD","firstName":"YTx0bPIAqB","country":"GI15FTLzvn","city":"JVd5AyLrRH"},{"@id":422637232,"lastName":"ANnNiHnjf_","postCode":"ZbIvWwFNnw","address1":"adl_G0JKbP","address2":"sI059LQp2j","firstName":"JvrBoX598C","country":"XuE2ZHU_Hl","city":"YLhzFHVZAX"},{"@id":-1903125850,"lastName":"QTrV97ENBA","postCode":"DaRUY2Xe7R","address1":"Y9VeBgCK15","address2":"KJpGg2kyI5","firstName":"Nt3c166Gbn","country":"VDQo3Phg2i","city":"RVeQqigy49"},{"@id":293867930,"lastName":"Z6VSB_ggG1","postCode":"IlgB0Rtz76","address1":"UmgX94ZmMO","address2":"vXCrfxttxD","firstName":"5XgTKgXb0y","country":"3APcIPYbZI","city":"nTUs7dA1N9"},{"@id":-509386961,"lastName":"KjvtbyqJ21","postCode":"N0F0ucHkGM","address1":"yiXJIIlaJl","address2":"ItALlLK32V","firstName":"lfr__89Yzc","country":"xYYvvL6eFz","city":"UEHkH21oke"},{"@id":692773307,"lastName":"jYEDYZ8Kd1","postCode":"xWOutinryu","address1":"XZjj4SWw_1","address2":"mR9fGesVaF","firstName":"fpD2Axjj7N","country":"f09m4CTRAo","city":"UdX44ye7z1"},{"@id":2029364281,"lastName":"JZLGJXyuRv","postCode":"Kp2YGceJn1","address1":"76sUIEXBVI","address2":"Xju3qRkcod","firstName":"r7bp2tIe7r","country":"uDqQofCT1u","city":"rDlVafCPSx"},{"@id":1751347821,"lastName":"8EIjm8TkuL","postCode":"y21gqw5JJ2","address1":"nIfuhgnzp9","address2":"i2mLhAKCq8","firstName":"OIKKdXcTcS","country":"7cQVHuWNVR","city":"8yxkmKsi1V"},{"@id":1252530263,"lastName":"30lDYMNVgO","postCode":"XgEx66tBv6","address1":"NCrBUphYuI","address2":"5GKLzy8eZn","firstName":"QN0DGg3BoU","country":"KalGf0jOEG","city":"G5gzO6WXr5"},{"@id":1952639422,"lastName":"Ta7DGhtlGy","postCode":"674HAEt4E2","address1":"ECQMVKjK2f","address2":"4Sgn9mvjhd","firstName":"0s8DzbRwNa","country":"rH5WOkGsE2","city":"zcn3AiyUeX"},{"@id":1943537538,"lastName":"jfnv2k2ipZ","postCode":"RPE4nibvpZ","address1":"SwEQh8rL4s","address2":"fIT0QRxWAK","firstName":"HofohK4Sh6","country":"WNGjRsxw3T","city":"B3oOuFDRVi"},{"@id":-1348497371,"lastName":"sr2F_HIrJt","postCode":"VU5TKt6j9N","address1":"zPB9hvng0C","address2":"5kVqqGEZk1","firstName":"0jyhopfLUx","country":"tloqW1dVvq","city":"JqjI4kUFfS"},{"@id":22988312,"lastName":"7rJ9vyIeig","postCode":"Ta4AnUdxHm","address1":"Z4oHRizqPZ","address2":"jcFBAgVa4E","firstName":"PGDQrpTbOT","country":"gRzs8VkRQh","city":"hGKuw9VPnI"},{"@id":490375456,"lastName":"VI2qwbXpV5","postCode":"dvBHVGFfH8","address1":"gAx7PG8_BE","address2":"Kz_Ge36pqO","firstName":"PWzLs0h46_","country":"BA75kXTTkm","city":"LrhUxzazNU"},{"@id":-1663135754,"lastName":"9r3fS8IaFK","postCode":"upwMyM7RWo","address1":"Pf5NORsacK","address2":"IT0NNZcjes","firstName":"V8YMJ4ddIy","country":"E5tLwdJbCM","city":"2lTcNS5cU8"},{"@id":-981569430,"lastName":"3BPwyBqX__","postCode":"ofJuBqs0Vm","address1":"qjFDPQ4J5X","address2":"F8WRaOlQTr","firstName":"OsNTuJvc7F","country":"mSbRR0ILoh","city":"NrYx9L4Kmt"},{"@id":24969168,"lastName":"mocyYlYcWB","postCode":"6qRivXXGr3","address1":"y5uAQ6uNrC","address2":"qZZPj_gPds","firstName":"pZREIYukXv","country":"cUk0uiP9n7","city":"46DCihjdG4"},{"@id":-807522071,"lastName":"EgnzRig59g","postCode":"smizzfDHiu","address1":"svGFFok7HA","address2":"aGaJOJ4pcl","firstName":"0ObgLxVuj3","country":"Qa6l2IhX3o","city":"F0AGeVxjcP"},{"@id":-349994188,"lastName":"auaZWnsWeq","postCode":"nQglxOZEnc","address1":"S3AdSgAMV4","address2":"FGspNIviQF","firstName":"CbuE_OkSzD","country":"hNFr466Sa8","city":"z1tGc0fPw8"},{"@id":-1563671159,"lastName":"UZhyoXvEL7","postCode":"DZHrHtOF8q","address1":"dsaNd8Liof","address2":"wG4YEE0UGF","firstName":"IdRYd6mR8M","country":"cp2GMaj_uj","city":"B06Elqd3z1"},{"@id":368249312,"lastName":"8qSKJ7Nyuo","postCode":"JxXQ_jo70c","address1":"U0JAc48VJg","address2":"FSZwSDUjfd","firstName":"tFP4tbbjEk","country":"l1lBDjl4z7","city":"9nxzk8AYXb"},{"@id":-581369449,"lastName":"GFL2gf9A9j","postCode":"7eiWBhYDp2","address1":"j6qmMOzLPH","address2":"mzx5rqDmNj","firstName":"5DJmgzDcyQ","country":"hQRrDXXH08","city":"xzIGpy44G3"},{"@id":359412553,"lastName":"R5XgYX0BdT","postCode":"mIJjqtRsBi","address1":"i8cynTYMvB","address2":"2gkgDReV_Y","firstName":"bs9VZBsZDi","country":"b9kPqmzS1z","city":"bxGL8TGVwv"},{"@id":480103781,"lastName":"nKojwv5gob","postCode":"i3zqxUlOpA","address1":"RF0WBKZ6gq","address2":"vpC1crBUUt","firstName":"f8VXdiif25","country":"YjGAKKPdW8","city":"_SGEdFRRIP"},{"@id":451771279,"lastName":"uVsxLhBUoL","postCode":"dJVE8VIp_j","address1":"4ITDDcqb11","address2":"pSbRAC8O9L","firstName":"zElk0suolf","country":"wS0Nf0Ed3E","city":"kEiEC9JloT"},{"@id":2007188786,"lastName":"WmmYlIuQ22","postCode":"FOIXU2dG0P","address1":"V0IthduNM4","address2":"HU1Ip3oxNu","firstName":"04qZzxUFEE","country":"U3tubUfshN","city":"ss6AtOC8cq"},{"@id":986771759,"lastName":"JhVxB8lHUS","postCode":"msGtdYVnCa","address1":"8as3SLQfEY","address2":"qiQcj1N3Bn","firstName":"1WCr8YTmJD","country":"FIhpYl5BnZ","city":"qQrI7nh3aF"},{"@id":-1587205201,"lastName":"6ytSQHczpM","postCode":"OkcwtHnV0a","address1":"PUBm6FtCnU","address2":"Hfiu6zwZzH","firstName":"1NO7auTWpX","country":"YuWQo4hcsJ","city":"9gHwa2jOCC"},{"@id":2075189038,"lastName":"9h_xxxBTnO","postCode":"m66rFXt6IN","address1":"xp_EFji8o5","address2":"n2XvjcqW7i","firstName":"YU4wcZMUGn","country":"lTQkW1o1Lt","city":"ZKaIaJ8ay8"},{"@id":1932916382,"lastName":"JHN3NSU4Ki","postCode":"9VuW9_Y2HG","address1":"lIv0ae4OlJ","address2":"DXPg9caYAW","firstName":"fmOI8Nae0y","country":"17yjpERemQ","city":"p5tgPZyhkr"},{"@id":1939022743,"lastName":"VYG4sdaEV8","postCode":"axZMNkMqql","address1":"pm7JZazMeA","address2":"yUtQuT4cde","firstName":"siZKgW8KgC","country":"ZtKYSrO22w","city":"oxSwvvR01L"},{"@id":826127188,"lastName":"NAqDos9e7h","postCode":"SwXdNhFCxC","address1":"cXuR2gd5kY","address2":"1kUnGKQ28v","firstName":"hVfUPveAwt","country":"rKYpEOMbs1","city":"AS4wzxBRs3"},{"@id":1355591805,"lastName":"nFp9JkkDo6","postCode":"6RGWBFNT5u","address1":"WrDtEmr2oc","address2":"NANlWT53bB","firstName":"JnZenJh99_","country":"oD5fmGqNyG","city":"oaNfCJu9I9"},{"@id":796846639,"lastName":"iq5UsCskgT","postCode":"Q0itt5i6F5","address1":"RuRYr9fVKL","address2":"l8iah6jEsH","firstName":"dQcEkPBRb1","country":"QjDGG0gkjq","city":"oJ4zWb1TeT"},{"@id":-411597336,"lastName":"dEPlinwg_I","postCode":"HvexrcikLq","address1":"JFjBGrAGoi","address2":"oXTSxH9HNC","firstName":"FQfvcWh9Hz","country":"490QInYmd2","city":"RcduD_8w4_"},{"@id":-2035920073,"lastName":"sie0XCQ39X","postCode":"ThSgSF2tkO","address1":"MJLstmKBK_","address2":"O2vHe0BJKM","firstName":"ZADQmFMYci","country":"V0bCz9GDfL","city":"EZQDIrBkTv"},{"@id":-2095751859,"lastName":"3EhwiUEbpC","postCode":"y_YCrBetjR","address1":"RYWl0t0SMO","address2":"bR155LrGdN","firstName":"piCOROmXk2","country":"BFRqiTPp2o","city":"5MXddKKqW5"},{"@id":-417961086,"lastName":"Zs4t4dT7Kr","postCode":"gBv9uLh66g","address1":"aPUrIi9dAP","address2":"TxvcRdqcCY","firstName":"Aeal1JUL27","country":"6ZcASQD_Ei","city":"mUOFrkOe3_"},{"@id":2010567558,"lastName":"6_ZXI1i2Ug","postCode":"U0GkTmgcj5","address1":"34iNUELayA","address2":"gvxYkgiQvi","firstName":"K7vTW8Eu8C","country":"6W4k7XE8Ti","city":"WfXJBa0hON"},{"@id":1412012576,"lastName":"4r1Euo8eb8","postCode":"HMhzKL1ksB","address1":"4iNVJt0Gss","address2":"haM4aYN0Qq","firstName":"CTbDJgEH28","country":"fjQMxvKJra","city":"FTeuh6BAid"},{"@id":1017850982,"lastName":"iz_XG6KZdL","postCode":"3My6jQswJD","address1":"a3nVmmb_nI","address2":"YSAhEHy3Aq","firstName":"KUmmWuCBYC","country":"vYQdn5wc00","city":"JAjOwFQdkW"},{"@id":-1789893494,"lastName":"dR22Nh3g4b","postCode":"k5TPu1dgpL","address1":"jMZASDcTkE","address2":"F13Ed7FTRx","firstName":"Gl32uN6ZDb","country":"HFSgwOJAln","city":"6Jm4IGcbUf"},{"@id":1173840727,"lastName":"di25jMBv0r","postCode":"NzWYW7IfMg","address1":"GOlzzZhciH","address2":"PbQ9CZsFwx","firstName":"j2JE8uv2Tc","country":"rVYBT3kijG","city":"l1wuZLkGRa"},{"@id":-806517261,"lastName":"6dGGaofKrP","postCode":"d22wtBrDSI","address1":"iefqepL8Ck","address2":"y7lXe3xfhO","firstName":"twCt4GTRNH","country":"B3pgGivsdJ","city":"Cn0GHWh8CQ"},{"@id":-1521602902,"lastName":"lIcy3YpGGP","postCode":"MO9rkP3f4L","address1":"RAcMTUEpO1","address2":"THwnF5rdlG","firstName":"LMXq9Nt4w9","country":"Krd5xkjiCu","city":"0NBtZf0Pr0"},{"@id":365978089,"lastName":"EfioYv72BN","postCode":"XbNI07TIQp","address1":"nDoGLzzsv1","address2":"pNrBU_QlAO","firstName":"6pyCQ5XqHE","country":"iigedlmrCI","city":"_TvXLjdO47"},{"@id":-161056894,"lastName":"d_wzrRIb4T","postCode":"NfPEm0yGYt","address1":"aIDc8T1Y2f","address2":"nXMMhiYBZ3","firstName":"dgUmQIx2tB","country":"JLdfuQzkFM","city":"tb7MTZJ0Fm"},{"@id":521441828,"lastName":"E8KPS6tQQy","postCode":"01GniDeapm","address1":"hfhKowhJhM","address2":"SOmDaqEqFz","firstName":"lWsFk9jn51","country":"Z9x63l6o3t","city":"tL4HeK7hi8"},{"@id":-1197629830,"lastName":"xglE4ku6Mh","postCode":"P3AeyOUHco","address1":"QQZAVh1Tom","address2":"e0mshQcvlH","firstName":"Ez3Yp2kV9D","country":"GkzaeBBlWJ","city":"b0VI8KR1D2"},{"@id":-177665920,"lastName":"qy8Ju7AWSa","postCode":"NfCe703LXU","address1":"9ce1Xyqdla","address2":"THaTitkrvN","firstName":"Od_eh4FKN8","country":"LxjH4EEPh7","city":"YeZU7upwov"},{"@id":540034425,"lastName":"N0JV77lx7g","postCode":"NWhmE3TmAP","address1":"156fm8TnUS","address2":"eJIQ6tEfu6","firstName":"MV0eBHuVc4","country":"NpeB3junjp","city":"nEy7ey0ucB"},{"@id":-478365334,"lastName":"G9gvzChC49","postCode":"JilUivQcqA","address1":"FxqJ7_FrPX","address2":"Z5yXHhSQf6","firstName":"eTyGGuUqv8","country":"4uLsl4aU51","city":"cPI37w0TCM"},{"@id":-438087337,"lastName":"mU35DBhzZT","postCode":"wTZC1X2zt0","address1":"CO6uFWZcAL","address2":"ZicKpPvcpM","firstName":"LonfU3tIh5","country":"jYNx3eTOM0","city":"z6chrGk_Q4"},{"@id":1057280073,"lastName":"gi2zYmFBGo","postCode":"FrMqfHCNvk","address1":"rTOc7pEXqL","address2":"1I5oU6h32L","firstName":"TKpoFX9eG4","country":"Z6ybEZYs2W","city":"jebPlPlTL8"},{"@id":-1220412871,"lastName":"cTqEkcydRr","postCode":"q_9MwOoZnj","address1":"QGxGFqX5vH","address2":"WteUy7nHdr","firstName":"87OxkTPSDN","country":"815BKy7IC9","city":"Pz79a4g4dS"},{"@id":2113953458,"lastName":"O4KBRtYSG1","postCode":"cCR2f01Vg8","address1":"e4xLXs5jEc","address2":"UKDDSchoT1","firstName":"cLMI6oDhaP","country":"icsnNAJamY","city":"cGA9EUSzlU"},{"@id":-269344820,"lastName":"Bs1hcq9rnf","postCode":"cAWGcHPi3M","address1":"wx0APf0cMJ","address2":"D3ug1AzB1p","firstName":"xgXvFS0e6C","country":"KNbgnG_eH8","city":"Wl4sKwtpci"},{"@id":484382819,"lastName":"L_vami4_WT","postCode":"Y0VMlqVFld","address1":"xCabw7ErtE","address2":"_8AcG4yJcr","firstName":"gYCJoiHuPz","country":"U1L81ohjW2","city":"OuZFdLWk1l"},{"@id":-734970160,"lastName":"7dN1nQduYz","postCode":"tSkqDNbC3B","address1":"m9vOoFQpfm","address2":"wXaM_axqSR","firstName":"lM1rB5zosf","country":"MaRxqC2sKC","city":"I1Wt6D6Qn2"},{"@id":19419478,"lastName":"GveTpi9HW0","postCode":"lPooKEXrX5","address1":"8V4Qqi16H_","address2":"AkILe5DyEh","firstName":"2Vu5C2yx3Y","country":"GDXkwk3fuN","city":"JE8ipL_pj7"},{"@id":715679628,"lastName":"jSAX2fVrrz","postCode":"csBrTRUAda","address1":"X8z41u_jld","address2":"lexhRjjVLV","firstName":"PI7N_3NZEw","country":"RpwCZHAwW0","city":"CDlJOFozmH"},{"@id":2066868334,"lastName":"bCSAOEssYz","postCode":"2xCagKc6B0","address1":"fSY1JqQkBb","address2":"JxeDFlLwUY","firstName":"l1EhwFhKxa","country":"oh4GlIv2Ji","city":"gjIuzHE88w"},{"@id":626589983,"lastName":"53bUtKjryQ","postCode":"q7QYIYq1WW","address1":"hqPcTi2Prf","address2":"l9ShXY9HpY","firstName":"tVFNulyvsa","country":"Wdk3cBKWtc","city":"Bwg1toDDF6"},{"@id":1132290190,"lastName":"OEqLs80HdK","postCode":"8U19LPVgP1","address1":"ahb4DXYULB","address2":"3wagmRC44o","firstName":"sZEaY1pmCq","country":"tTlXQRK_lO","city":"j6yATlqeCd"},{"@id":420875222,"lastName":"rsCxgAKRWq","postCode":"_rWDAMmKA5","address1":"X1NUCL66fO","address2":"qmy1JwtLvO","firstName":"pYO8oUj7vg","country":"SKtbXH9Tih","city":"1Tfqz67Dka"},{"@id":-1762790632,"lastName":"SynwREjfeK","postCode":"aQ4RkDNRc3","address1":"puwgtRfAo7","address2":"wNjVOpUpq9","firstName":"oPvtHXjJvt","country":"bZferySYYJ","city":"11dMDK7wes"},{"@id":-1108114207,"lastName":"2RQyN2UE6k","postCode":"yRgAWDwbjj","address1":"JjuO9K5tpj","address2":"R6IbkYCMe3","firstName":"F14dF3JvLj","country":"FlHkKzlopc","city":"ctFEMwh_HL"},{"@id":-1600441818,"lastName":"pybwbkAD5i","postCode":"J9A3rRZxW1","address1":"GxAVnZifzf","address2":"7v34pKsCq_","firstName":"jBrJk71COG","country":"4cIR5M8m8h","city":"vgfyUnUSpQ"},{"@id":-1789421536,"lastName":"tiNZPH_4X4","postCode":"pM_jE4Ss7V","address1":"UQCXnLQIw1","address2":"A0D4arQYo8","firstName":"rC3Vnmrf9f","country":"dZRA9Z6VhB","city":"g7YrbHRisl"},{"@id":-27808264,"lastName":"xh4fl4zpSI","postCode":"bMrkhgvAsD","address1":"zmXt7Ce8Qu","address2":"6jCpF1GbMq","firstName":"P88tbdWPHg","country":"md5kjum25S","city":"xie1c4w2GN"},{"@id":1272316139,"lastName":"TZucaX45lN","postCode":"crZ2zMsR1T","address1":"9_K5nRJXpY","address2":"vKmixIox7V","firstName":"4kQuAdsvp6","country":"wqPoHbZOLv","city":"2i3ZOtVuPu"},{"@id":1544376433,"lastName":"G4RzVAtZdn","postCode":"5JVatylwmT","address1":"q7aJqokLqo","address2":"U3QR9YdDe5","firstName":"moRxQe6w5D","country":"y_PXEkUHNz","city":"3zm_cJnXrs"},{"@id":-131176205,"lastName":"99Zlk6ZISx","postCode":"V3BeSdWSIL","address1":"i4DGOHZCvS","address2":"a_Kz2xOezM","firstName":"6GmoOqNpbU","country":"EUw4gSscpA","city":"3IXqDNkAMz"},{"@id":-1950510438,"lastName":"vzV8NRwm1t","postCode":"j2TtI6Wten","address1":"GCMaBK6UN9","address2":"njtrGvyEkS","firstName":"2bxu6k8MOl","country":"56EBcL8nJ3","city":"T1E7U_cYqC"},{"@id":-336442187,"lastName":"UbO4AnZBXw","postCode":"Q8gNXtXSpd","address1":"LbfL0NwxNt","address2":"OL7q20Qg3W","firstName":"Yzw7_1H8_m","country":"Xe5z1rPZGW","city":"xxaFxKIhgh"},{"@id":203072381,"lastName":"qkmbvolA_q","postCode":"I5nmzortZF","address1":"yoTOxUJZDd","address2":"vHFNp6HXY4","firstName":"cZw7WrCpnl","country":"CSeuWDecyR","city":"MyD7BJM9VK"},{"@id":880279316,"lastName":"m4XqIM9Hnt","postCode":"LDg8kPk5bk","address1":"KR7amACMCM","address2":"DeYZGs5CF5","firstName":"Fd6jtYwmJ3","country":"qmY76dWhZt","city":"ZTozOCPFCm"},{"@id":690543834,"lastName":"xhohp6SJr8","postCode":"L5vJ1jc84a","address1":"K_3kupodKX","address2":"qiT5UNZtw0","firstName":"jNi2IP59Ia","country":"aVbDccTRcw","city":"0_r0yDYVuU"},{"@id":-1794678248,"lastName":"uKCXlqHwUO","postCode":"n1GqofcRlS","address1":"NiDLBOfc8_","address2":"SMmF119PcV","firstName":"DEZATrz4L0","country":"L_FYtzDlXs","city":"ywJjgtmtrA"},{"@id":875743623,"lastName":"7uKrYRIxcr","postCode":"zSYqOZWo3V","address1":"Rahtr0L_Qi","address2":"wABEXzRhx5","firstName":"giYLq6D64p","country":"_oFbZVvm54","city":"xNaUJ7rXej"},{"@id":-131800860,"lastName":"G3vf8ngweu","postCode":"wrPswjvl9j","address1":"L_f4HQXZ_A","address2":"EgsKJk42qr","firstName":"3euuJI0DTY","country":"vnJ7qCIT0c","city":"E8BQaZ8nwF"},{"@id":673929845,"lastName":"F2dN05KEvF","postCode":"FxmFnOKucB","address1":"x3l6j993N5","address2":"Bl_CqxpbS9","firstName":"UlLztwFeE6","country":"_4Sa692GEU","city":"xQjAciZJ83"},{"@id":389134169,"lastName":"s4TBJTDAWn","postCode":"F6WZIpyAgy","address1":"cT65ULDpN9","address2":"iec6yvga5n","firstName":"J3CCF2Prkf","country":"8C8psbbWhC","city":"Dgp2lr7yxo"},{"@id":972292785,"lastName":"K710D0pS3l","postCode":"6EYLYI5ESB","address1":"txEXW_9_os","address2":"ESZX_Ocnr3","firstName":"LDPZevX85y","country":"h9ZTQcl9BB","city":"0jBPh_UrK1"},{"@id":-1284395511,"lastName":"W2UckwcSFu","postCode":"WpUrarxVnq","address1":"Z00iKTn7cq","address2":"QJMwi_ldJF","firstName":"5h5qRIfQsv","country":"u1rqZlAI0b","city":"5v7VmRP1Nw"},{"@id":-268296228,"lastName":"sG_bNXdcyh","postCode":"WzVyugEzgc","address1":"riSwMrWMcd","address2":"Rmrs8w23CR","firstName":"t9NPU97i9I","country":"GiupRr3Aob","city":"gyiUyxK8QO"},{"@id":-90655387,"lastName":"bZDKiHINIU","postCode":"9kD0cBdHGB","address1":"DmDP9tOuAx","address2":"4YyT_E3hNo","firstName":"7C2xza6fyO","country":"JZs3Pp4DLt","city":"OyymcoDQMR"},{"@id":200778737,"lastName":"Ws7ohDSH48","postCode":"ZgqPSJ4gsv","address1":"2UVHGhgFf3","address2":"cvauWjpzf7","firstName":"8YFq4qGI9j","country":"336Bt5YhYu","city":"djqYlLCBGu"},{"@id":-567588532,"lastName":"cZdfQ8exGj","postCode":"n5PdnRIS78","address1":"Pduen_zBLs","address2":"4cCTqXiL8o","firstName":"pdTDth7TA1","country":"1WZscUIjWb","city":"VZ1KEWhvU4"},{"@id":258881100,"lastName":"hR76Q2F7qA","postCode":"edaIz5smfp","address1":"oKAmp7Ytd9","address2":"4l7H14oLpp","firstName":"e0LyDIUoRS","country":"pI4oy9_JF6","city":"M9P5Fq5_OL"},{"@id":-1752773026,"lastName":"Y87XcryL6w","postCode":"a4RKAg7XUF","address1":"Pn6VZ6v2gp","address2":"M7cuSzUMo0","firstName":"D1DsiYW3C7","country":"doXFB8zB0I","city":"VE8TbM48XM"},{"@id":1107182924,"lastName":"oBt_PMnX73","postCode":"7I4BIxCBAw","address1":"INqHqhkgHj","address2":"i6wXbfi0JT","firstName":"tMSCiAVIBc","country":"PGA4kMsdwL","city":"_g1V5b1YAL"},{"@id":200359108,"lastName":"QkRe3iYKpy","postCode":"yphyJy5BP3","address1":"KkeeBJZpHN","address2":"kt6_3FHivM","firstName":"MLa95yWyk9","country":"YqWFxIjHtZ","city":"9WGVGtsU6S"},{"@id":203527962,"lastName":"PyGGdLNqw5","postCode":"dRcIl6j4UH","address1":"ORcdlcwUrf","address2":"d3MwMVif5B","firstName":"KY8VoyOGIT","country":"T0KsWdvTp3","city":"757ve37YTr"},{"@id":-619841450,"lastName":"rLedhAeu2T","postCode":"kRyp1Hb4nZ","address1":"DGcFUkhvPz","address2":"yT2oWw6Ea8","firstName":"15sZeY9Qwu","country":"W4umBSQh9e","city":"dO_HAoHIjL"},{"@id":-1040965820,"lastName":"xVy4INlLH1","postCode":"OXA7xWCo35","address1":"OqsPJrxllx","address2":"jN1HaMMFix","firstName":"Rd886PwS8u","country":"8G2Y1zVi6_","city":"QDnMSTVV_N"},{"@id":-638075852,"lastName":"lFhvJdeRDq","postCode":"8tomL6nUxk","address1":"EfrRSup09i","address2":"l99fCYTMP6","firstName":"OV26iS_6VK","country":"tazC17dKcL","city":"yPNAbKi2z4"},{"@id":-659552173,"lastName":"KEdNk8n7GQ","postCode":"J4eFZpaLKp","address1":"1okzQq8pr0","address2":"4Pxtccyev1","firstName":"7UPwsjszis","country":"VnxsfjiN9y","city":"L7MjVO4Dtg"},{"@id":-1791848359,"lastName":"ih3MG2HQWg","postCode":"XYSA6L1Thd","address1":"stbz4STanp","address2":"cHYvWe8jrb","firstName":"8S1v_eK7PS","country":"zQtlf8xTO_","city":"eE4NAmDzBe"},{"@id":1339640719,"lastName":"PDh1_2Pcmm","postCode":"gXeqz2CCTM","address1":"Vs5muTgE5T","address2":"CVKVV1pe_G","firstName":"qpT9jBuEDA","country":"r19AEdy9FF","city":"qXwv2DTTqC"},{"@id":-1661146703,"lastName":"xoch7c7LB3","postCode":"9Nl8RIjBYH","address1":"7V3hWwYthP","address2":"UvDryJVGrc","firstName":"SK3XNTgk0g","country":"A51pN4LHFo","city":"MqvKB5rh32"},{"@id":-1059541372,"lastName":"g3O_DD3yIz","postCode":"ptlgKJcXjj","address1":"mG8BpoGPfj","address2":"JEBT87GVXU","firstName":"QMhGV4FR_b","country":"v6RafDDAUW","city":"0k94gUT7YR"},{"@id":1957882288,"lastName":"9hnhf3rXrx","postCode":"vQabTHlicd","address1":"JsGcEHE2De","address2":"K3ubMTQtGQ","firstName":"66axcFLOTn","country":"q52GrHfFvA","city":"Wdk5np7o59"},{"@id":388029705,"lastName":"_jeECCGXO6","postCode":"SXgV7DMDM0","address1":"u6D8Hg33wh","address2":"EiWJte05lr","firstName":"17Wo19oOTL","country":"j6lrTTWzyn","city":"MOdQ4Ko2ld"},{"@id":-80002936,"lastName":"Z16jIFjvkC","postCode":"FpsQgSXkFA","address1":"idDBb8oCOc","address2":"GsdyGxBd0Z","firstName":"qnwdz4rX1C","country":"j45_jTy_i8","city":"df8FAaouW6"},{"@id":66480085,"lastName":"3hO9opsqE3","postCode":"iGdqs2FAiQ","address1":"eLlRF1bUQg","address2":"Zfv_Hqragd","firstName":"1nNJ0yVtow","country":"f6G6ZrSLPO","city":"ufuar5qpu3"},{"@id":153226596,"lastName":"svoRcXrCTs","postCode":"xiqxZrYe1X","address1":"HU6zlPMkgH","address2":"dKZGPGrFtS","firstName":"854sx8tgC7","country":"bajmPD1O8t","city":"H5q9zASFTl"},{"@id":-1646984470,"lastName":"zz4DmxMZp3","postCode":"QDrHQe7sYK","address1":"DF2QlANQTM","address2":"5BtHFYJ6Qj","firstName":"lcq3_8fTLp","country":"NNnfMYbeWA","city":"Z7kovtEnpf"},{"@id":1985825373,"lastName":"J_72CEk2J7","postCode":"QWfZ7RGIp1","address1":"2DS2rLwCz9","address2":"bPcZBDxiLU","firstName":"3JoWdCNcJb","country":"hr8j4_gjAb","city":"l9BecosV0U"},{"@id":-1145944996,"lastName":"HmWGd8UuAM","postCode":"34QgByYKJw","address1":"qrFRqaTNOS","address2":"C5qPXnSkg1","firstName":"buxc1i6VbO","country":"2G7ueu3aNA","city":"DonDRvlG14"},{"@id":443575809,"lastName":"bFtfqJc338","postCode":"CmTA8kiG8g","address1":"DHtwDRAF0b","address2":"g7ParbqyQT","firstName":"WWMvEbVh2A","country":"resg7ZdDHS","city":"AH7ojQNPNU"},{"@id":-1946309829,"lastName":"Tjr6ZfDtIH","postCode":"6M6cehpbuq","address1":"pnxMhPizGa","address2":"yA5eCLrg6r","firstName":"gJrShZjedq","country":"QHWfIBKXeb","city":"4xcrYqDtZz"},{"@id":-485162345,"lastName":"5kX3Gp602z","postCode":"rcfStjjq9Z","address1":"7zEgDEoHNz","address2":"Z0HlC_trAM","firstName":"TlzfrBKbox","country":"Xo240rkz5s","city":"oPDiOR7Ttj"},{"@id":586461103,"lastName":"JSUwGr4fVw","postCode":"M5TgJlBPo5","address1":"SqjuF3SDRs","address2":"Nyvkz8f0I0","firstName":"aYFqPNQfuv","country":"73qyyGmSkX","city":"_sGW0gbPlt"},{"@id":895849371,"lastName":"YrDaBGuPVG","postCode":"7ZAblgZwVF","address1":"xWHpJq71YI","address2":"e2pUfGVe8g","firstName":"hWogAxUwLZ","country":"tSYzp15dkW","city":"6ih79SUqgR"},{"@id":-676702075,"lastName":"SevI5v1vkt","postCode":"KCZM5AkWuV","address1":"MHRPEvmlLV","address2":"ZpmI67D1Tx","firstName":"oiXR59Lae9","country":"oitHjM4eHW","city":"0aBJoIwWdV"},{"@id":423332859,"lastName":"sgVK446ZYq","postCode":"kmdhP9Wvi9","address1":"3mCxUYoUsl","address2":"j630Jzw8u6","firstName":"z5k2LjCr89","country":"zEN3wC8v1d","city":"0jh7hTqM9V"},{"@id":-1144578117,"lastName":"ZJ82VywAES","postCode":"9EbCDM7S4e","address1":"oJTS17zpLp","address2":"oIZ_LH8MTr","firstName":"U2XxSc1_mY","country":"Y8PK4FZMHa","city":"OcX_DMhDoT"},{"@id":-1824914411,"lastName":"zouGaSbVsW","postCode":"QWVX9z2Ec1","address1":"kAstD8Xbze","address2":"zzo39_gd_S","firstName":"TFiFo6Co45","country":"XOKIh2895Q","city":"bGgpspaOH5"},{"@id":-1093198132,"lastName":"AFOtHWA7eN","postCode":"eUasmZ9MHs","address1":"dDDl2IOY5q","address2":"KPHUJHjKhM","firstName":"f5qcWDwlp4","country":"oUV93pcQ8W","city":"rNe78kzxY6"},{"@id":-561767273,"lastName":"3bppY8_R1S","postCode":"Pj1bqHzXuK","address1":"I8WW8NlQlo","address2":"NVdvDu_fQn","firstName":"my_4nmBqqY","country":"esGa6T_3Lu","city":"AdxS451bpx"},{"@id":731995347,"lastName":"oU8OvQfBs1","postCode":"FjDZuZwOfb","address1":"f5DGqtIzWL","address2":"WhHEFQfJPM","firstName":"QS2ickUJQi","country":"ORS9W4BKBy","city":"jttWNbmMFz"},{"@id":531688352,"lastName":"ABp8AG9QNX","postCode":"_Ffbi_2CrK","address1":"Kik9qRPhgw","address2":"E2EeZ3MFx7","firstName":"Aw4jtxCNxn","country":"xah9lLDfid","city":"kJ8kWNYuUm"},{"@id":1064303547,"lastName":"uzT63UB1gm","postCode":"8jGneIkBOZ","address1":"AVGClZbqEp","address2":"9QFCoKb54Y","firstName":"UWM7f7zz3d","country":"vyBAELjYzs","city":"V55Z40nIPW"},{"@id":1763132384,"lastName":"xrpZzKsH0C","postCode":"t2GVEF_ICv","address1":"xjHjyehWLp","address2":"RoCNLG1B3T","firstName":"pR2kn7hd5H","country":"ifNe7DmijE","city":"EiSH2PrGOr"},{"@id":968537867,"lastName":"5mzkAFaz3q","postCode":"xCgsC0DeCh","address1":"pqtkR7qRQa","address2":"bO9Clnb3tL","firstName":"Aqk_QIsHW1","country":"kaMONIj_lA","city":"V9Iw6KX22r"},{"@id":-1190835838,"lastName":"G2u0v0az_e","postCode":"PbsXDThKB7","address1":"2A02UsuoEa","address2":"FEUX_rBdkx","firstName":"ZllPCS0op0","country":"DtwqyS1mpU","city":"XE2jjmXxiX"},{"@id":-1573585376,"lastName":"HEbABn5PL6","postCode":"dWwqqT_QX2","address1":"tXvEy9fCK0","address2":"R55sis61Y_","firstName":"fb91K3lzHZ","country":"JYG4Y5AJtX","city":"qSyU4aMsst"},{"@id":1964633886,"lastName":"7g2xpOiKUx","postCode":"V5bi3O1qb_","address1":"nyUDwvDOgR","address2":"3nzDcyUxk2","firstName":"qH7G63nrGg","country":"vMruC1o6ub","city":"X5YnebW9i0"},{"@id":195607751,"lastName":"5IU3eZnz_d","postCode":"EGDfNVbjeg","address1":"V0PB4fRBJm","address2":"1feHApWexT","firstName":"FDd2H0CorG","country":"1_sWvZdgZh","city":"RDq9Um8C96"},{"@id":1073128728,"lastName":"1odCILqLuL","postCode":"uKT9pY_GMM","address1":"dvmja81xSk","address2":"SH5gIxLCm3","firstName":"ooue76Lxsa","country":"Ipigqb8Su5","city":"m5q4tgNuqQ"},{"@id":309653657,"lastName":"sIXrOTeJY_","postCode":"cNwgHgDlzr","address1":"EH2I71chov","address2":"nYjMSAmCww","firstName":"T6UcmH8qLE","country":"_G_HLgLMEU","city":"SeHDm9RhNh"},{"@id":175493128,"lastName":"KFUYJ8LuAH","postCode":"4jJlQsRx2N","address1":"ZMjB7LVvR2","address2":"lNlJqwzjzP","firstName":"N1fzXNXfzI","country":"wBJM2GxFCW","city":"o2ea3ycYdX"},{"@id":1058686606,"lastName":"JuiHAaS9P6","postCode":"jWispJVLbn","address1":"VdHm_RroDR","address2":"Ffz3SzDzwz","firstName":"MVLoQ_mFzN","country":"rZY9n6k96_","city":"4GqxMV_w0N"},{"@id":1484623645,"lastName":"gufJ7SRlL8","postCode":"cgZcoVZsGl","address1":"R06RE2iCm4","address2":"qtMsICmw4n","firstName":"bZRLb_KHZC","country":"UpCAVMHFS4","city":"eQ_jIx4HJT"},{"@id":-105153649,"lastName":"GDewH0QXey","postCode":"pFTB5bLcB9","address1":"U9xXdwnwMb","address2":"CykG_Ne3qN","firstName":"99REgcEIpT","country":"8EWF_5LjU0","city":"i0QvEz3ztX"},{"@id":-579925590,"lastName":"aLYwCynpGh","postCode":"fP3Payfy4e","address1":"Yfg5eZ1V3_","address2":"dKIuqb1ND4","firstName":"iOTPlsD10t","country":"k3mpL7NJX2","city":"eYy2_rku0I"},{"@id":-1659442141,"lastName":"c2iYXiJ94x","postCode":"ZJpQD_M5tT","address1":"VbRHbXpSmC","address2":"O3lyuEt1x6","firstName":"Vtfdv8gsrs","country":"90h3t2Qv9u","city":"Q_NcopS9IA"},{"@id":91255596,"lastName":"WDDd5BvqaD","postCode":"SPzTKv_S1S","address1":"XnO0PZFOiy","address2":"HifENFEyps","firstName":"LrWFmLV8ZS","country":"To6ZAKPbPr","city":"8xv8Gu2YJs"},{"@id":-152374684,"lastName":"7VezkCScXy","postCode":"WJuuI8IZqg","address1":"uYhH4LOnQw","address2":"awlrlaifN1","firstName":"qGjR4LnvTq","country":"1UJyt2M2us","city":"iPbeaA8i00"},{"@id":-152221810,"lastName":"iM874NnjZZ","postCode":"ucEtYuNQya","address1":"vKyrPcNDi2","address2":"WXUcWaBeGP","firstName":"OGbBnwyPHQ","country":"7jn9yi3QRm","city":"HovnFadizj"},{"@id":-115853610,"lastName":"iecthG3IWj","postCode":"1VEGl87F01","address1":"DlWt7nuP78","address2":"0EX9qZexCs","firstName":"8yxXzLs3dH","country":"1FgfCw48j1","city":"Pg7V8pcFc9"},{"@id":-2031780477,"lastName":"pz_EPjLfNO","postCode":"zeIZiFhC3A","address1":"0o_ssiCEkI","address2":"KE7ssEkAnH","firstName":"Ad3IPEkiGw","country":"i6cKowh1Q6","city":"pOqO9Zq221"},{"@id":1258897384,"lastName":"wftM0hNtsM","postCode":"uKn28swLjS","address1":"8DcwDS5okD","address2":"VwsB4f0vlb","firstName":"irIZpEOSgW","country":"doDS1aIkiI","city":"Whu5MsvklS"},{"@id":-1222860005,"lastName":"KVMHQT2g54","postCode":"148QL9AWcz","address1":"_QK0D2JIvs","address2":"oA3lwU6U6W","firstName":"Gnr4eAV8k8","country":"wZpT3ds0Hv","city":"g55c0uasBG"},{"@id":231941399,"lastName":"oYgQwB_QMD","postCode":"dPQWOnn46e","address1":"jNO8M6Q7XH","address2":"9NossVYDSJ","firstName":"H1zz9ruDhl","country":"duO3lRjvJh","city":"9yQlBZP5DG"},{"@id":212244745,"lastName":"2VUeJIXFuZ","postCode":"j5vlN4HnY1","address1":"5fc3r0i0kz","address2":"i_kfiRyrgu","firstName":"llRwKyA7k3","country":"ZOfAi0qRay","city":"3w6ePYbeG8"},{"@id":-1366645232,"lastName":"YUE7773jRC","postCode":"QJVHEvxUcd","address1":"4JH8XRa8jX","address2":"0jmURejuV3","firstName":"LZ3is49wRm","country":"6HJ1m_hfKM","city":"ScHf5vjyRI"},{"@id":-1603470537,"lastName":"3E32c6ij5_","postCode":"pf0_mRNpNJ","address1":"DgF7cYyDrC","address2":"Gue7IPn3d4","firstName":"y7bbSKtYoF","country":"cqE3uMwJ3e","city":"78sVomiBAM"},{"@id":1474155339,"lastName":"xzdrJoVW0w","postCode":"Og9lcuEJ5E","address1":"qkxkV8wb7h","address2":"uJ14TjYBte","firstName":"fJOqzEpfF2","country":"pYnSS5BY2S","city":"j86ZaE7zFd"},{"@id":534301074,"lastName":"m9avFhK9_N","postCode":"Bbf_99v0Wy","address1":"vj2C54fhwM","address2":"o0qv7LmJpl","firstName":"Tt9_9TsZmk","country":"XQiNfJxkPv","city":"MjoJWnTp1y"},{"@id":-681818903,"lastName":"UIa7L1IM_H","postCode":"gut9FwjDSF","address1":"UwxBxLbXso","address2":"hY8sxfrFA_","firstName":"Gf12Ti4B58","country":"Ms4qhzMKNZ","city":"SpfWSJ0pLa"},{"@id":-532897228,"lastName":"mZhsXnPSAs","postCode":"f6IpwgeLk2","address1":"lURwRgg7td","address2":"KdpsGTCXdS","firstName":"2Oz7cfaQoK","country":"_CMA1qqam4","city":"D7xxuo1LEt"},{"@id":-1530503710,"lastName":"L0BXUc5MB8","postCode":"RsAhcfhczr","address1":"f4IFaR6O46","address2":"2WGdEgUzm0","firstName":"6BquYcZ5CC","country":"kjVWKkYlUQ","city":"2DoJ88JLSh"},{"@id":-515348896,"lastName":"et_T0tmtlC","postCode":"TUPAWM5hU4","address1":"scupLtdQ1Y","address2":"FHYq2Dkvqu","firstName":"uiLaNHGjJo","country":"2Af6tbaeJz","city":"xvmbWimMXv"},{"@id":-442786615,"lastName":"X0Ez_zxEdZ","postCode":"OmUdOA4C_4","address1":"Qa9CGMlFWo","address2":"UfybefWrZ0","firstName":"pCM1shlUqL","country":"mGPo0iijmP","city":"uJsdC7C0O8"},{"@id":-1746565656,"lastName":"0VmSJFO7gS","postCode":"aMFMU3mS6c","address1":"cydfJbYuSO","address2":"8wmgX405hf","firstName":"gpICKL_YEc","country":"oye5ONDSuz","city":"NtaYPIV6o_"},{"@id":955076777,"lastName":"ifYHdk0eBg","postCode":"uPleG_dlB5","address1":"vcgDJ8fvDy","address2":"fhSqyWPGo5","firstName":"nht068Xok2","country":"ktwITvQ0dy","city":"hk5BL6zfUb"},{"@id":-522192660,"lastName":"itgDsKyG_y","postCode":"HliawzEgnV","address1":"BVtrj3soyT","address2":"NIAOFIUTLN","firstName":"T3fqaLz01M","country":"ha2PdGHdbD","city":"xVowVZIm_e"},{"@id":1107787720,"lastName":"jJMYexGttc","postCode":"55LLfvNfCy","address1":"SH3CF8uSCH","address2":"qXJ42btVkE","firstName":"T3PGhoHYIc","country":"QkAmKcjYkb","city":"ZwZ4HXVrAv"},{"@id":984757789,"lastName":"0iwKcVrXSk","postCode":"pDnXO_7VEB","address1":"JBfWmLi3KH","address2":"P7_ldukdlD","firstName":"vEqJCrrs2a","country":"MgSLNBHkAi","city":"ZJeqx9xOlN"},{"@id":-1865992356,"lastName":"9v5EQVkOO7","postCode":"qe6A2GLYQA","address1":"fxDwWwy6GF","address2":"MguKcAoJYN","firstName":"jXiN9jN3Rq","country":"rxkk6LJNo6","city":"lEsM68X8gb"},{"@id":-286800922,"lastName":"6VRgnKMCQk","postCode":"5uYyHKlF4Q","address1":"wTaTixGOcw","address2":"FejL2fJYtw","firstName":"Sl5dEBFVnA","country":"Iar81m8GMa","city":"2pMrs7AwPB"},{"@id":-1190517138,"lastName":"pEBSyKMJqE","postCode":"Vxm3VXCjGm","address1":"WU8ZhX7Y2R","address2":"MIIVY6Hpws","firstName":"WBcmiJSUZr","country":"qCTxPOvjue","city":"zCsFyqUfBs"},{"@id":1303538988,"lastName":"ym10oiWoej","postCode":"xRtbLjoR9S","address1":"zHrncPFiYC","address2":"gQOplo8s9S","firstName":"1bdKry8Wbb","country":"2MKJ5d0teC","city":"rsioC8WnQy"},{"@id":810427263,"lastName":"aMoskdeaAY","postCode":"ujeRt93msX","address1":"Dw5QdDyJdC","address2":"mdthPgoby1","firstName":"wxZUTsi4Ma","country":"DPETe66jAN","city":"lV1IBo8sOJ"},{"@id":-1526188421,"lastName":"WlL6OU3rl7","postCode":"JXArt1W_Ke","address1":"J12xgmqFaw","address2":"hPLNUxJmm3","firstName":"kEZt3WwwDj","country":"0I_5pw5LZC","city":"N069Vqx9V9"},{"@id":1057184685,"lastName":"Ts0JN3kTf7","postCode":"_X49NHT7mt","address1":"XQPWVtra4B","address2":"6OiTlcd4MF","firstName":"s090NSiNwE","country":"MdDzlrf_yw","city":"rUTk6gq4lc"},{"@id":-1145241885,"lastName":"50G1Y_ekVg","postCode":"Y0BRSokZ30","address1":"ajYNYraqaI","address2":"lJ6iSP1dO7","firstName":"a8CKas3klH","country":"u5tm6_OG1K","city":"uiawmNcn5t"},{"@id":379927405,"lastName":"R_AVSTtQKO","postCode":"ltUwILsemN","address1":"9ZNIXgSOSq","address2":"bPwmLcMpLL","firstName":"PuIUbMTFqY","country":"Y5fbIrckFw","city":"O75U6UF48y"},{"@id":-739651627,"lastName":"hsVAsxrZZk","postCode":"PGbXGU7y4T","address1":"oxyHCXIxUJ","address2":"q9EdK6QEKz","firstName":"qYlcCJH_ZC","country":"iZZ4Kf_tBB","city":"WZdwuD1O1R"},{"@id":2037707793,"lastName":"uPJmUFvte2","postCode":"dF_Bcxgw4w","address1":"EwMxd4n_vM","address2":"QBLyXR4ouJ","firstName":"J9SAEdjZ3D","country":"J9Wmx5wy2s","city":"ug8mSjbRHR"},{"@id":744968623,"lastName":"6zj3vK6ajs","postCode":"4oPXharPxK","address1":"Wmn_9ljXgx","address2":"SjL3MOCLJR","firstName":"mVjTh92VGI","country":"VwLl3HAXuL","city":"bVGuVM7P_w"},{"@id":25011888,"lastName":"b81wtWgSGt","postCode":"y0ZiD3w4Sp","address1":"CZw39UizYI","address2":"jbewIvhszg","firstName":"CO9mDMD3nc","country":"qviKWMlkXW","city":"79W4Yyd6LJ"},{"@id":-1762576665,"lastName":"495QN8ktNX","postCode":"r4UEpuT32l","address1":"WPg1AA_CjO","address2":"xLBolKM9PM","firstName":"GMdk3W6u_1","country":"_6iUcNivyu","city":"pqaMB2QacM"},{"@id":69403701,"lastName":"bdyvyPQkDV","postCode":"wCvcvoLfUx","address1":"0LaPp845Uh","address2":"5Yxvxafdc8","firstName":"2TcXMK2PTo","country":"HVrirYNJ_V","city":"mLLGYh6uyL"},{"@id":781764087,"lastName":"rxk3dATwqq","postCode":"r69YqHfMVy","address1":"b_jjuUCB_y","address2":"PmAxvP2TiV","firstName":"4umFEvn3J3","country":"oivNjgVgPD","city":"ZgAH86BCVo"},{"@id":82668435,"lastName":"mZfrJnWg57","postCode":"owBaIzg93e","address1":"1lgsgLE2X0","address2":"WfL7InRX4P","firstName":"fXce8UhsPg","country":"AJtCQaORty","city":"Sx96gTC0Bz"},{"@id":-1572959638,"lastName":"fV77gcqmoF","postCode":"5OLSjqI86g","address1":"oB8yqdUpNX","address2":"xK6AND5S4x","firstName":"PcvLKFue40","country":"5Clwjw02DN","city":"kO0NcwG5xX"},{"@id":1146915448,"lastName":"oKh4eyfrls","postCode":"F_JxithuM2","address1":"ax3qaWv5kn","address2":"OFnQxEUw_F","firstName":"mmXT8OpxIe","country":"5Cpr1Fb3Lx","city":"nA2lD2zaoY"},{"@id":14856133,"lastName":"fuanl5vmLe","postCode":"y7NUS5h0OX","address1":"S0g2MzKWVE","address2":"oVZT4hRKJ7","firstName":"y3O4_g5Tyy","country":"j9bBUm9wa_","city":"L5v8W3YM_D"},{"@id":1046352374,"lastName":"jV5H9Fseee","postCode":"DlW0MQ2Ck6","address1":"KLjBlrZPE7","address2":"PsGayY5CT4","firstName":"8X1_sGNvKr","country":"yLXGJWgzVO","city":"GQBEbCu5_4"},{"@id":-872207070,"lastName":"VRElYiH6e1","postCode":"P_gsCDiJFx","address1":"6ipv7I3wab","address2":"lyfPyNm4pl","firstName":"aHEXNaVi61","country":"wlCVNe8Fj7","city":"cJswkSGcgw"},{"@id":1052278769,"lastName":"HcDKtoFfv5","postCode":"ZHEPEDBtVA","address1":"eqiR5Kzp3i","address2":"uCKO36llxI","firstName":"QIwxW1Z8lt","country":"QxSzq6_Sqm","city":"BZPS3cRoqm"},{"@id":-1456748885,"lastName":"Q5t8aRi2VZ","postCode":"p5RnHyhCeL","address1":"IMLZV85c3j","address2":"BdeMYueRVM","firstName":"sGbpE_Wdo1","country":"QYWNW5ykqv","city":"6IR5eMGorP"},{"@id":-851304608,"lastName":"lbAqVhFNFd","postCode":"MOY2RK2d9Z","address1":"1ynVhYLTAK","address2":"UUJWewtK1W","firstName":"xIKWh4eWeN","country":"TLHr1bHCBU","city":"F2F0aeLKmg"},{"@id":-1179544987,"lastName":"6q5gMGw6Kv","postCode":"ZNhv3g5PZ1","address1":"Wp3HJnADQ9","address2":"ryLdAkxTV4","firstName":"6_vRh56HKs","country":"ffP5c10EIV","city":"pf9_Te9kBT"},{"@id":1205765279,"lastName":"QxizT00rCQ","postCode":"WDYbtleVL8","address1":"IySf3K76WQ","address2":"ku1FpEbsrF","firstName":"8PeGjJlOmW","country":"HIC2CLmdgB","city":"PKGiGWT5__"},{"@id":1556623332,"lastName":"sgQPKMC1Jk","postCode":"uEh17224rt","address1":"eUMxa2mpZ3","address2":"ZVkiytcVlA","firstName":"O6Y53DxeaW","country":"nCFIPs6suY","city":"FVOqQ_qgzl"},{"@id":1335738458,"lastName":"72kPJuQbir","postCode":"npQYwUqMt0","address1":"EvL8WpBmB1","address2":"Ugs9mJpxE6","firstName":"toMy2OWWjL","country":"fV2ctqRAnw","city":"VSejEfJ0a0"},{"@id":-1614885155,"lastName":"A20a9TthC1","postCode":"9Jib5NZAT8","address1":"u6tVALIwWV","address2":"yZM7WbpFl5","firstName":"T5vDRCaXfj","country":"bh0WOcTrhd","city":"LRgVlu_CHd"},{"@id":-21914907,"lastName":"iSKfWUadiW","postCode":"ugNifS3lvs","address1":"4rJCXVdsIz","address2":"4YZt_JZCiK","firstName":"1QWeaqleQw","country":"bJ8MBesgvF","city":"nTtjcZulLS"},{"@id":-804944200,"lastName":"rEU2sIEsh7","postCode":"VY7WqAdfo6","address1":"1IdCkvdt0g","address2":"JE3lnxIXj6","firstName":"RJLGCpZB28","country":"Ysl2Usv9CM","city":"gBjtSaI4tA"},{"@id":73413370,"lastName":"SHHERFu8P6","postCode":"UqUkNTvoSO","address1":"9nQ8AVSNcy","address2":"Dn6TU_S2or","firstName":"LnaQx_iZ2K","country":"_WjGk4TZYA","city":"xNOYSOwSas"},{"@id":-807014004,"lastName":"nJDGPj03jo","postCode":"s8Dzx0VCXI","address1":"AsXfP8gj0n","address2":"DjbodTXMJa","firstName":"VY3twVp2ly","country":"gTzoL6ZBLU","city":"G_wZ9MvipT"},{"@id":-391731660,"lastName":"tcseOgIWh0","postCode":"mAq4PorkgH","address1":"DIswFJM7HK","address2":"1QY8NajBb1","firstName":"04e5b1FjeK","country":"w9p7fwZiiT","city":"909J_KZ1G8"},{"@id":1657046821,"lastName":"lOOSZouR45","postCode":"quKwJxkZdQ","address1":"XXq4PyxjP0","address2":"_S688oPUQa","firstName":"ZiP3BrvpMZ","country":"GN8f_0x_Jg","city":"IcERUJYk3B"},{"@id":1599129277,"lastName":"3DJRNTXMID","postCode":"Kpm5GUm7eS","address1":"00f0KrvFCP","address2":"lidSs3tk8x","firstName":"c8C6IbHIJP","country":"ZSrQ94Tlfu","city":"8LN0NWfYWM"},{"@id":1381591312,"lastName":"9C18mjvaxG","postCode":"0wEUWBcYKS","address1":"b6zpJ8EDzq","address2":"olfYKR7QUl","firstName":"_m0NttESd2","country":"bgMiq_JyJk","city":"GlilMp4DMj"},{"@id":1601675529,"lastName":"olEjC7PtAf","postCode":"GvgNCvqRbE","address1":"tdxV25Qd19","address2":"YtYkSUjhc0","firstName":"hSpbjUXKr7","country":"eQt0hUCQKw","city":"ZVDokDkw3M"},{"@id":-1389347141,"lastName":"X2uuA_NkWA","postCode":"UDw8K3jv3F","address1":"nawwbK1VVF","address2":"nEXHodTzs6","firstName":"owmrUpxUUQ","country":"cjIVDDKuTS","city":"H8AQrHjxfT"},{"@id":1395361178,"lastName":"Swoo7W3989","postCode":"NAt6OJ9lb2","address1":"IZBbdCpYjl","address2":"YVM6_thZRt","firstName":"83bUgyjjMb","country":"7hlQbT2eMQ","city":"FpsnCn52JF"},{"@id":1783560488,"lastName":"n8Id5GLtar","postCode":"Nh9ZpJC9xE","address1":"GXCzotocSE","address2":"9liGqoVXCF","firstName":"67yeaqDTuD","country":"DFBxqbMInv","city":"1kr4MVDlcE"},{"@id":-1929396710,"lastName":"zrLRT97EO4","postCode":"NFV4U71JFq","address1":"cxDzxdlSpi","address2":"QE7YwYEs0k","firstName":"RHzy3paiji","country":"02VVIwvBYL","city":"y2ZhR1Hd8a"},{"@id":909961159,"lastName":"lKg9v7dtNH","postCode":"e5PkXsruKv","address1":"p_NjsqlOeh","address2":"GBXAJ7THn3","firstName":"qmyForSOBz","country":"sOyPQoL3Wm","city":"n8oZYSh0mu"},{"@id":1001839187,"lastName":"bWKs_sGeEi","postCode":"g3vJIRwo8u","address1":"Evvh9Dx6z3","address2":"uTVsITyZNR","firstName":"L9Gxly1tg_","country":"S5Ms6zWBZe","city":"rkAaw4ZpXD"},{"@id":-501808010,"lastName":"NNygMdK54s","postCode":"1VEpbaXYDO","address1":"NES1eDb1aB","address2":"VeqHH3s5FW","firstName":"WMTsNmAkO0","country":"Cb2WIIgXFQ","city":"tmx_e2bz52"},{"@id":-1239684917,"lastName":"7zo27OnD1o","postCode":"QMS8QzyZtJ","address1":"Rru9Smzo0O","address2":"vvg13K4kXu","firstName":"pXWnjPpziY","country":"SuODaEoHDf","city":"hm6WHDA4GG"},{"@id":194433715,"lastName":"yCHmXgGBgM","postCode":"3UwLOPWtXU","address1":"Tskfm70uGv","address2":"XkRzaCltGe","firstName":"RmfX6SXQWM","country":"W9E1JqnDmE","city":"5PTb8yZIrO"},{"@id":341624845,"lastName":"EHzE8dvYwA","postCode":"3uLsO8oO_4","address1":"1KkHwSCth_","address2":"A7iRgYhCn0","firstName":"NUkILKaK_J","country":"LcV8MCpolO","city":"c6y6Su7Vok"},{"@id":-2034749818,"lastName":"amAXB4agwn","postCode":"eUg3IxrcT7","address1":"2J50qWdmID","address2":"MBg1Q5JU9p","firstName":"ygiBcvri0R","country":"68qDUlUhVk","city":"gNROFIxb5l"},{"@id":-2094114585,"lastName":"yS7GFz88Oq","postCode":"CqpIaRbULu","address1":"fZmahfWsOW","address2":"4gqfpswBRp","firstName":"9MbCQ2mK5y","country":"_zOqKeBBoZ","city":"P5S9s_n77G"},{"@id":441188780,"lastName":"37Bj7D8UuT","postCode":"qEBRBb7PbZ","address1":"FU07jBgLPo","address2":"02JFiy5RYY","firstName":"aESXfkvOTP","country":"L6Q9x5DjR0","city":"GERq4uFW9D"},{"@id":1298630435,"lastName":"q_CIdFJW3X","postCode":"wLHC1bDzBl","address1":"zR3n10SCae","address2":"lb4D8jakX0","firstName":"100M3nA0_e","country":"XAUwQ1kFjB","city":"HylZBxL439"},{"@id":-753624562,"lastName":"PB6BCQoPv_","postCode":"BR7H4v1noQ","address1":"YjIlrw31nQ","address2":"ZTZjOvsEIe","firstName":"q0UVWIWxk2","country":"FHfIsYbEpN","city":"NSSY4A01p3"},{"@id":-1281675893,"lastName":"XuxHENCS91","postCode":"REoo8YmGP6","address1":"uqXaJWixGv","address2":"j2igNHIIJp","firstName":"2S7FnRCz47","country":"oYnD8Ir_1E","city":"n2o7atLwCI"},{"@id":-16688507,"lastName":"zRVkZ_a1Zq","postCode":"B76SiHWELd","address1":"7C2gEBg9rX","address2":"MU9p807p_g","firstName":"4NR1eeOZoC","country":"7B2GiszNLh","city":"nTLDefOozo"},{"@id":-206922954,"lastName":"P_d7bcJs29","postCode":"FcNDJQw8v9","address1":"zBMpqkhrY6","address2":"MxGtlkvZe2","firstName":"KuvtqzBqma","country":"6lSt8BN0H0","city":"BEV8XFBefZ"},{"@id":1865303927,"lastName":"cLIieNo0Kz","postCode":"Hoy17OxZjh","address1":"bwBBdbbwbO","address2":"ybhP9HCKFc","firstName":"CrWYoL9Ebw","country":"syxPC0QByi","city":"4Z1lyCXd0W"},{"@id":1417626469,"lastName":"T7K03VKuzZ","postCode":"DId4PKf_h9","address1":"qUbLcsJ35G","address2":"xveosgySn7","firstName":"HE_Z2cSwwq","country":"hcmoqBj6h2","city":"MOAvqybJRo"},{"@id":640586459,"lastName":"Rmwi3b7JfK","postCode":"nmO1AGr68A","address1":"eV1UAC_u3O","address2":"S2IqyjmqBZ","firstName":"jxJNnIBf59","country":"esK2X4KiQW","city":"RDxHuYTsQK"},{"@id":694072968,"lastName":"XcbhlPinCf","postCode":"91CYnVcSDg","address1":"m0lN13oikS","address2":"35cd175nUo","firstName":"AKpUEX3T1A","country":"5Fty4svmRD","city":"2uCwsmuNk1"},{"@id":-1653319781,"lastName":"zIHw9p_vuY","postCode":"eZ7gHKC_aO","address1":"ljl_DOpxt4","address2":"7yfuKm3kXM","firstName":"JAieUvlaWe","country":"8BIF5e6RU3","city":"lIGqcqO6Sn"},{"@id":960608798,"lastName":"NTzzEg39sv","postCode":"SL7Z52b3js","address1":"nHDyufp4Kt","address2":"uRuLuAIsUM","firstName":"jDLSDM7ZpI","country":"Ige_WDANSB","city":"Z2DrGfL9St"},{"@id":2129279608,"lastName":"5Hik3HP3wJ","postCode":"GznzL5vjDF","address1":"IVdkWqqNlu","address2":"zmDwnML3Gt","firstName":"0dNICjoKBU","country":"bu1mfGuhSm","city":"hZLD0tGlmC"},{"@id":-460849526,"lastName":"jaXwUakHRp","postCode":"cQkd0b7JOH","address1":"yGz7rnuMFF","address2":"dKB_AAY93o","firstName":"vdsbe7MYtD","country":"2MUuUcaOUz","city":"uxVpXkajWG"},{"@id":-1101318448,"lastName":"zoTPOnsnr2","postCode":"Gq_9Oa_ymh","address1":"RG7e_7ikvo","address2":"7x3PBIqXBQ","firstName":"UKUk43nFak","country":"G3DDVMvBKf","city":"Mw20GVdIKg"},{"@id":-642523884,"lastName":"JbHZshx1BN","postCode":"5xBFADRCF0","address1":"qAZexuoTqL","address2":"yPitqHzkUH","firstName":"5V_yP6oU9I","country":"J87ikyjXNQ","city":"t2FV2lQB3V"},{"@id":1468106748,"lastName":"refVsIOEGJ","postCode":"y9CAdWEISa","address1":"H1_OmAgDs_","address2":"C7SUOEgSr6","firstName":"LfKSrfmYOP","country":"9TbVUCkWUl","city":"roE3UYCzjT"},{"@id":480478643,"lastName":"uFJJh1rVMx","postCode":"6pDFkIqysu","address1":"vAdKcRNgJ8","address2":"C6txr2WSRl","firstName":"DQycf8HOWU","country":"SuCxbjjgRR","city":"PfzP2LxIP_"},{"@id":-971115483,"lastName":"6P8XCJ2q3p","postCode":"VfeZmycQvl","address1":"dsPV5Pxcru","address2":"3vM6u4B4eq","firstName":"RU0SebzNu9","country":"Pzcn85q7iZ","city":"f11eNdixlA"},{"@id":-1803918516,"lastName":"cejBpLe0lW","postCode":"FmzpNGKKHH","address1":"Qof31C1j1j","address2":"_JmCGhX7tk","firstName":"YOnABKu6b0","country":"EOSNGsWQaK","city":"0hXrwxedD0"},{"@id":-1062351942,"lastName":"YGbqlgdLr8","postCode":"rHq2LYZ_6A","address1":"6rbNSnlPbP","address2":"kSYs8rHU7x","firstName":"cXKpdSw92q","country":"Q5t5Uai_it","city":"UrzzSKCYsL"},{"@id":-1345188206,"lastName":"CGYGCI4LYv","postCode":"VOKezj3ZP1","address1":"QA2OPkW78_","address2":"V25JLwOvrD","firstName":"VDXea3TCjN","country":"_0M_JMBGhr","city":"wtASeSnAPo"},{"@id":1772570859,"lastName":"WN0p1vDCkb","postCode":"4Ev37gEdXI","address1":"N4oAFy2ioF","address2":"5YbUC1LTls","firstName":"eimTJx93nc","country":"x0EnNomhIO","city":"U4zBhEeBVu"},{"@id":-1867105625,"lastName":"1PW9X9zZSV","postCode":"yBBdUlQM0n","address1":"OVtoOLeyA5","address2":"3hEPawCb5e","firstName":"8awTYxJk1R","country":"llnQQLQWlq","city":"7UnYSjfxXV"},{"@id":-1259098913,"lastName":"qPmNJcQCkn","postCode":"zKmQScBKAk","address1":"WyncLKvfHv","address2":"A8zSQcgFje","firstName":"9P6tpADDc4","country":"FmkdwLXFPC","city":"kedgXOx_zS"},{"@id":1283681318,"lastName":"IpfhDmrASo","postCode":"tM50EhpDgB","address1":"2PU0OeXrVy","address2":"23t6loX97l","firstName":"HHYna7TzT3","country":"5eyMePX3Sh","city":"thd1VdP_89"},{"@id":981800054,"lastName":"1jdkjueIWN","postCode":"dSzI0jAHta","address1":"FVzaU4NVEp","address2":"aY8fu6p8R5","firstName":"B1ccl7HASX","country":"y5roVOGMaE","city":"YiWHfFH35e"},{"@id":1989300818,"lastName":"0lEwts4qrH","postCode":"SOdBYMRB0u","address1":"iWSBsSBxHH","address2":"41K_NvgfJf","firstName":"ZewbkBNNDP","country":"tMw56SmlzZ","city":"SoV_53n6f8"},{"@id":1272354009,"lastName":"7X7xAo7eUC","postCode":"PWSlSpTXwg","address1":"VvTxgw2Nzz","address2":"_TrdB9uwLG","firstName":"WP9dIDXVDK","country":"4hMyMbfhA6","city":"X3byigK60G"},{"@id":688329581,"lastName":"99E1Gobz5o","postCode":"djCiNwaRrn","address1":"eSq3HpnjOi","address2":"2JooTfMULt","firstName":"PWF9QUsa7l","country":"HedAhxSbe6","city":"YhwxlECO9E"},{"@id":1051807781,"lastName":"bh278CJ22M","postCode":"6sHELcKd9u","address1":"UxPEWjeHpa","address2":"z2vytoEq2f","firstName":"mT8bVn3ebR","country":"E8rafPEfhs","city":"FECb8OKcTk"},{"@id":113186947,"lastName":"g_GZO3UrX1","postCode":"9_mhU1oUv4","address1":"Jza0SL7qu0","address2":"pR8WpDHBpl","firstName":"RA2AQIfz19","country":"91koqczcUW","city":"xcwIvkCK_C"},{"@id":642575605,"lastName":"OwxLflPigR","postCode":"oyRAmGsd4z","address1":"8BPIxgK1Hs","address2":"8NdeKeJ36l","firstName":"araByf3LQO","country":"Cih5fWWwm0","city":"6m7DWPYd7m"},{"@id":-1415859654,"lastName":"mBYMB7WIFH","postCode":"x96hEvOrn0","address1":"9kirmniHLM","address2":"MD0rSrZncG","firstName":"UZTygZ9HMa","country":"1qyp9lChyQ","city":"Bt67K2kSHZ"},{"@id":1680326558,"lastName":"Vyocz6EV2s","postCode":"dzfvwy8NT7","address1":"ll01n9mXFC","address2":"AGC_0OxkBV","firstName":"RTt4K3BWzo","country":"ZzMHHcvxYs","city":"BZnmb4bhPO"},{"@id":1144758113,"lastName":"iUgXgerhCD","postCode":"ZHiXM8SzBf","address1":"UDdBPjl2x4","address2":"AkPBKddmuZ","firstName":"OH1tkD4j6j","country":"ngNPq8PS2Y","city":"25ulfP0qGT"},{"@id":-1719135670,"lastName":"3XorHk7V2B","postCode":"_hLPuf0uOs","address1":"DkZWOM2SZw","address2":"pMqwZcpyHp","firstName":"ClCGia49qd","country":"1j1yAlycAS","city":"_XojbNamFE"},{"@id":-723460277,"lastName":"6rDBDad3dv","postCode":"4ZDB57u1QA","address1":"h5_Bj0Ba6Z","address2":"5bBh56QZpu","firstName":"LaVJ2yO0NL","country":"fxNlS1du1m","city":"jbkWoXWee_"},{"@id":-1578114722,"lastName":"s5RavDHAKt","postCode":"t3VpXPD8W_","address1":"KET8NPH32e","address2":"D5UA_HuyXp","firstName":"MLW_QZWLIT","country":"5OrZ9ngYTY","city":"M6lBKeGuYv"},{"@id":-1520984765,"lastName":"Qbfl0Qw_XL","postCode":"kHyyWJTzUh","address1":"gD9m0BUiLU","address2":"weMJb7yzj5","firstName":"Lni6cSr43K","country":"qlUY13bVZF","city":"DXnqKYf5D1"},{"@id":-1595071531,"lastName":"Ke5r37Cd3a","postCode":"lHHhUYWck0","address1":"qYd4PvmIsu","address2":"OfofRpZkwI","firstName":"X8y02tab8N","country":"s_s8YqBCqz","city":"kO3AXp5jr7"},{"@id":288044954,"lastName":"wl00ya7E0F","postCode":"nGm5RSK5d8","address1":"ct1O2GnQgV","address2":"uQdcsNJ2hV","firstName":"9ExEybNRJG","country":"xJCuoAKefo","city":"UF61GUg3bs"},{"@id":-1934171280,"lastName":"0juDI3qj0C","postCode":"iiME_2zDzD","address1":"MNTbjclJBZ","address2":"7wknb1KBke","firstName":"IE8fVapwJY","country":"UNI9RNhcag","city":"0z4oOiZ_QE"},{"@id":1205386269,"lastName":"JREQrShFt0","postCode":"WWKLKJHP3Q","address1":"rnKxAGx1rW","address2":"DIuVhaOAJT","firstName":"oObuYkFZZ_","country":"qWVDiJZScv","city":"71VGkbb7Sr"},{"@id":1850347237,"lastName":"B4eOfulrxe","postCode":"iO_LxgNIVa","address1":"ZkjkKV_jlX","address2":"Pk13UfNa1p","firstName":"Ztv1Xjflp0","country":"m4CUobykfb","city":"iilBAyGLzU"},{"@id":1819049203,"lastName":"4diQUSvjx4","postCode":"MJ6bmlSJd0","address1":"kane8NzvUh","address2":"Yfe6HFOsak","firstName":"sOdxzH8Nci","country":"T8l4SbXU3P","city":"qnNwRZukRJ"},{"@id":-2071093124,"lastName":"d65VI90TXF","postCode":"vbA66wdAEl","address1":"mLeee_qH_q","address2":"EOodqzKYZp","firstName":"73MK_zWIFM","country":"geRcI1Q6JR","city":"H50jJDXcg9"},{"@id":-740234186,"lastName":"UJfShTYko_","postCode":"aZprR5QZr4","address1":"LuZLLdWus0","address2":"Aa1XO1arXe","firstName":"lbOsfUTGp6","country":"mOg8fi1pet","city":"ecv_RJXung"},{"@id":1243905465,"lastName":"0potPLceLo","postCode":"aM8Iz1L5GY","address1":"kMq9ssSHgW","address2":"ksQoE_RhXm","firstName":"YCUBCZWqlw","country":"ADtFQ5hTDb","city":"hApD7UI0iV"},{"@id":895912390,"lastName":"JuvdQrG9xl","postCode":"EzgijL2EIl","address1":"BvwhhXg1Qh","address2":"biMd1JtFoM","firstName":"KNWs6JlLZm","country":"4LFOaLf82i","city":"x34d8WvDnt"},{"@id":-1743066877,"lastName":"dWCmjO7kRW","postCode":"OcLaB9LTPb","address1":"naQyKjs1vA","address2":"MEXNbDHE8R","firstName":"b_l9_b92Ey","country":"BxD5RetBC9","city":"1l5X6OERzx"},{"@id":-388321762,"lastName":"aG5Tl2HZCK","postCode":"OzbCqBO82C","address1":"Yjy1ArNMaa","address2":"bGkDh2CYP9","firstName":"qVM3WEV09Y","country":"gub3_VCw2R","city":"pigzE3djEW"},{"@id":62295142,"lastName":"_REp20ww1u","postCode":"Hy6STAJTo4","address1":"mOzCHnKRyg","address2":"WKoDSrMqKd","firstName":"EQRsAmtaFH","country":"hYhD8OGRHh","city":"r8xvfbiIxQ"},{"@id":821636670,"lastName":"l_3DPfgaSJ","postCode":"GIBV9Sy6JQ","address1":"5nGT372Gbu","address2":"dtzpzf1xi5","firstName":"yNqyWCFtH_","country":"SEDnxf0Ljb","city":"N6FxWVUDC3"},{"@id":2010291432,"lastName":"xcIOHCnQHP","postCode":"gGFP69jRtQ","address1":"trptlGOQni","address2":"XRHxX5JytD","firstName":"JvDqMLGQxm","country":"BEOkEJmG9l","city":"U1ZfQh8EUl"},{"@id":713787359,"lastName":"O7ah2CfQFP","postCode":"cJN0LiNwUO","address1":"D2SaWLNPz3","address2":"Xhs8xMrLND","firstName":"5bwscgsEf9","country":"RSctWN8yO8","city":"WcOCwneylY"},{"@id":990341118,"lastName":"NjbIVPSFGs","postCode":"UWRKoMLoSh","address1":"OWRToSHRpl","address2":"pA88DxufmN","firstName":"XD1D9BdCZo","country":"9WVJsD27vF","city":"s4k6ddLyTK"},{"@id":851987089,"lastName":"8pVbDwNY2_","postCode":"3J8ReZPvxx","address1":"3e6hMPnTSy","address2":"Bm_0YNGY1M","firstName":"54dcqtvZci","country":"Wyq8II5pbD","city":"aRqFOFSx9c"},{"@id":-842639055,"lastName":"PGtD5nQx3E","postCode":"s4Beq5WFMR","address1":"Olo2Gh_Jt0","address2":"wEWgW6l7MW","firstName":"xAr1RZhqus","country":"xrkV4muLFi","city":"EBtcuY96ig"},{"@id":1237064050,"lastName":"BtYljyrYfK","postCode":"UiW26Sznbh","address1":"IKa9RcttBV","address2":"AS7LIzPBXh","firstName":"tc4q3ducrk","country":"jJ99H5wtLY","city":"ZeYUy6XezS"},{"@id":-2050212882,"lastName":"NozlaT1gGv","postCode":"QzehJFWaOc","address1":"hfelsk1XlK","address2":"wunxi9RS2Z","firstName":"iEAluNAlM2","country":"RDrT2WG2Ft","city":"JJImrNAolX"},{"@id":1987623577,"lastName":"3SH60gtGrO","postCode":"bxEzCgTj1b","address1":"rt9UG7grOz","address2":"hU7hygRgrb","firstName":"ZaPemQEQJY","country":"MCskPeyZaf","city":"rR5JaHfYpT"},{"@id":2091695630,"lastName":"tx1cqkqOaf","postCode":"ZksKIbQGsQ","address1":"PpbIF4wGz2","address2":"fuSlDHf6b9","firstName":"0IemG71JJ7","country":"9t97I82hlf","city":"IMS00XEn2C"},{"@id":1726514292,"lastName":"ijlDGkwZHT","postCode":"JNSbE78Z5g","address1":"i8CS6EbfRi","address2":"XgFxDdoBST","firstName":"CgmHgmJ0Z0","country":"O6XYjWGE72","city":"nwnJOQTk6t"},{"@id":-1549790808,"lastName":"fevfzqYCI2","postCode":"ZCoC8m02ri","address1":"5h5uDk6mas","address2":"te09mEAgpD","firstName":"krWl1UMpOL","country":"OGswBubgfT","city":"AslTxr4ARu"},{"@id":1905780388,"lastName":"tLveWgN9lR","postCode":"TzMjn9t9Vc","address1":"FyVVzD5cPj","address2":"1d9bmWkhts","firstName":"B1wF12Iaf0","country":"5WFejUQzhF","city":"rZubNDCZ77"},{"@id":1728614683,"lastName":"eHzP3ceLdE","postCode":"D1zX491L40","address1":"eOiNfEpkD9","address2":"bnAJ6VAC3v","firstName":"elQKXfB1E3","country":"7_NRijm5mV","city":"npurmkZ9fL"}]}}