{"persons":{"person":[{"@id":-1943295224,"lastName":"qVIsH6tDj0","postCode":"mkQHCRhRW9","address1":"kIjKTxROMY","address2":"GErFOBM9_Y","firstName":"Tk3ASa64_Z","country":"wylcjuXCMF","city":"GcwMiMLU0c"},{"@id":1605100913,"lastName":"K91SKutozn","postCode":"D2J1tTqclg","address1":"8ZeZL1ZD0r","address2":"0reI783hL2","firstName":"nb1FWUi7KB","country":"PVdKoOHJEz","city":"y1eJS0qPBY"},{"@id":1640976682,"lastName":"Pq9qLM3Y2m","postCode":"Gbig9IHy5X","address1":"r7WnqqjKF7","address2":"eR0VaWpEMw","firstName":"wkZEWIPeex","country":"xsVRAw4Ksx","city":"K6mJ63Kmtg"},{"@id":1145655958,"lastName":"mSd5WxwWES","postCode":"4Pg_d1kaWM","address1":"XFLviMAWm2","address2":"rT2Tew5_dW","firstName":"wy8oNJUOQ1","country":"zsqJX2M_36","city":"_X7GBQIbWD"},{"@id":604882631,"lastName":"7G0XO7QMll","postCode":"7tqG98A1dp","address1":"qEnoor_uVy","address2":"JptUUZdr3k","firstName":"Fp0O4t_xmw","country":"BPeaa5FIme","city":"OTUrPCI94m"},{"@id":-1429906687,"lastName":"X7cbo5bX_M","postCode":"rw6DpxpQ93","address1":"cecwPitsNu","address2":"b8OjPvFAqh","firstName":"8YYXjT_05u","country":"xh3ErSwLLN","city":"D96TVdbRIq"},{"@id":-1547830719,"lastName":"gQ3ww29YJO","postCode":"dOElcZXPMv","address1":"ZFIhhveOaz","address2":"65Ce2sFtLR","firstName":"lnQHyo5KeC","country":"c0yiSRQGl7","city":"zPcbAnQc7x"},{"@id":1872135277,"lastName":"u2QxFkGrjg","postCode":"HkCb4rw9Uk","address1":"jn3M83w4ka","address2":"dUYMm1f3yn","firstName":"gFCTPQfQD6","country":"QNcaN3Gyg3","city":"8z3EFz6vbC"},{"@id":-66117006,"lastName":"5Vt9I1xoqV","postCode":"Cc7L8ZvBpr","address1":"M2U5y1cXcN","address2":"Fr77K02HMb","firstName":"xRDtCwN96G","country":"fVmOrSZ1HS","city":"9Fb5AzAuew"},{"@id":-1075256892,"lastName":"CeNoRdoI9M","postCode":"qTWq_fBjWr","address1":"q7VSsSYcMe","address2":"uDHVJCKiXf","firstName":"thikNwsqvO","country":"sQ1wZ0cefe","city":"jas7VBfHcj"},{"@id":-121993399,"lastName":"YNGQA2_XmV","postCode":"g0Sn3RVp3h","address1":"SvfDOeipQu","address2":"fU1s29xOeA","firstName":"kIfZAXg_mj","country":"HtVy0bWLEW","city":"9MYr_sp_4n"},{"@id":288152529,"lastName":"UyL5Q0AWI8","postCode":"VC7JadTTG6","address1":"gj1g2ulXyo","address2":"mxI2fZcLQr","firstName":"JvJVXABnhs","country":"08OSzhMP6N","city":"_75HP05IBi"},{"@id":-1190091622,"lastName":"DV2vawp2Vv","postCode":"wa8qiwv9uk","address1":"sTkt6clh9P","address2":"QOAywVN5Lg","firstName":"X1URtxrDNV","country":"9ztXEoJwKX","city":"1BaUgjh4vt"},{"@id":727331805,"lastName":"2w6Ext9Vcj","postCode":"OMDfV11rGJ","address1":"wGjj9xsyKy","address2":"zjMqKxXar3","firstName":"EmQUHnJcOn","country":"QKtYB5ywFi","city":"7_hbn7jDKd"},{"@id":-1788562957,"lastName":"KwrcgaaXV6","postCode":"KboiFDx8rN","address1":"GUxJGx7SQI","address2":"8_LGC5sTr5","firstName":"LCz6C4TPSi","country":"XTbMJojoqN","city":"UmKcg6DsuH"},{"@id":-1161656455,"lastName":"_PRPo6sHXY","postCode":"vQCkishETp","address1":"7VUhuyednl","address2":"ZR8onvs9Zj","firstName":"itgfXKrgBz","country":"aUb9hI3Ier","city":"pk5OFLDpZk"},{"@id":1392626567,"lastName":"hAKJeylOXb","postCode":"Bkjb255QQr","address1":"JRNY1rfJXb","address2":"3TZEv5X2eB","firstName":"1wFQqGEzkB","country":"ED4tbBzwgX","city":"AKo89spruH"},{"@id":-1221913395,"lastName":"WcmYcwXNeJ","postCode":"W2GXYX11wd","address1":"QoFKi3Iobk","address2":"A0P9fWLlBm","firstName":"vi5WCt8WbQ","country":"Ag_kZJZjRu","city":"7AGPPXyEyc"},{"@id":2008918887,"lastName":"PtS3XpSmw1","postCode":"I11C9zZJu0","address1":"2UcfK8Y7Vg","address2":"Oi_2JwJunx","firstName":"RypUWvf7op","country":"WWnV5YQA8K","city":"3oJDfLkHfX"},{"@id":-1794813674,"lastName":"XdbXNAm6RO","postCode":"NkwV9ySSZY","address1":"FEwoF3FdWa","address2":"MGq_SsD0ZS","firstName":"sPn7qs5myB","country":"gxmSZXLEnA","city":"OBYVv2uyLR"},{"@id":-1599150189,"lastName":"QWI2xyLUmc","postCode":"QAtlJEYUWO","address1":"qHc8wsDiYF","address2":"jUDfSBLXEw","firstName":"LTRZTKuQvD","country":"ij9ALfKFM5","city":"4VwLK_y5FX"},{"@id":-673079491,"lastName":"5yReobMP_s","postCode":"nC2UWdPFO5","address1":"aI4uIrJ0YQ","address2":"HMLA1w6IW5","firstName":"AQTYH7aPZt","country":"oPa1A6BtZ5","city":"wFezT6a29T"},{"@id":-1132113729,"lastName":"hdqyv6NlpJ","postCode":"bgEs9HtuQC","address1":"UIXpqdBO3v","address2":"q4njod8gZR","firstName":"dr9wsfkdlq","country":"Uej25z5ulf","city":"RkbeWdrrmU"},{"@id":1750739637,"lastName":"z7n8C_2zl1","postCode":"YUhm7J6dbY","address1":"K7OJkpDWJh","address2":"HCKQdnuQNh","firstName":"gRqMaF3k2p","country":"cyL3I5b190","city":"72VRlO4OCS"},{"@id":982001333,"lastName":"rTIqnMREJ7","postCode":"YMv2KWv89w","address1":"A0lVVFfVRF","address2":"WygLhY8GtG","firstName":"5maFerajr7","country":"U3uqQh8_VV","city":"W3PCHUTdpl"},{"@id":336538362,"lastName":"RUMwabKskq","postCode":"2dF3H9U2W9","address1":"AtnnDSQnza","address2":"V0fIkueJia","firstName":"OU3YBUO4oE","country":"LHYExVireK","city":"T2Zs6auFes"},{"@id":-791563592,"lastName":"isLLXSLJTT","postCode":"bZAGqwXF69","address1":"cJsWeDwX_6","address2":"0N7ooB9gG3","firstName":"vm6zH8Zulf","country":"jR5EsryBeV","city":"Yxks3OgwY0"},{"@id":272477798,"lastName":"vzBfLxNxRY","postCode":"iK7aORbuBj","address1":"8GjAKHJM4N","address2":"EKpAQ9mhQ_","firstName":"z2GHyfhq18","country":"ogwlT_aZU1","city":"jRX4qoG7yC"},{"@id":815088988,"lastName":"HU7m070RRX","postCode":"4KFDgXzSnA","address1":"ifJIBOF9eV","address2":"32_vquYKzh","firstName":"64nCpB6c8N","country":"ImpHwrBZdn","city":"e4AI01Ra9a"},{"@id":1231097664,"lastName":"tBBAuxFjmS","postCode":"J6KetCjfkp","address1":"Z_LFeE_mom","address2":"O0MusQfKxR","firstName":"YpMHjxXgxb","country":"kxZ0Q_mB89","city":"NVkAcHXmdR"},{"@id":-143989594,"lastName":"Uem3SQGkRZ","postCode":"bqLUQm1XPN","address1":"O26cuTjJ8q","address2":"nuQLdwinbY","firstName":"nE42LygdWV","country":"Bh6ho57dqE","city":"0E81uUL9yk"},{"@id":540701730,"lastName":"2xfpnWH7_G","postCode":"oXnVQCFoUp","address1":"mB2h40cGIg","address2":"xWV2fbD9hY","firstName":"KvhwdAwMdB","country":"pcZ7HDM15U","city":"olHaU0JpuR"},{"@id":2125658237,"lastName":"IOJYvhzjU4","postCode":"GmsYlpZteI","address1":"ZTmKTXa12a","address2":"PfpYdgv3U1","firstName":"OGFZkXlu6K","country":"gcQ6ajfuXR","city":"MXrhiII8xw"},{"@id":2055521594,"lastName":"4G4bwWB7SJ","postCode":"bGnWGCfDLj","address1":"TdoHbabW2L","address2":"DzVd2_waTb","firstName":"7Uo6HDdWgK","country":"6FQ2iSx6Nh","city":"U68vrSUM3N"},{"@id":866141864,"lastName":"UmUMoJqg5b","postCode":"4Mvid4o4Mi","address1":"rOKxlH0y2G","address2":"tFeWqBjRTq","firstName":"N7pLejH9QY","country":"HDWWeAH7A5","city":"bNGHqBqcmo"},{"@id":22307305,"lastName":"jn_ut0s4Iw","postCode":"WZngJ0K4F2","address1":"ywZdB_Tx2y","address2":"O0IBk9wIAu","firstName":"KKDNVQAGaf","country":"HBLYCUp2oQ","city":"7Beoq3xNLP"},{"@id":376726767,"lastName":"bXv3qRlp8C","postCode":"cILrVCypMa","address1":"Nm4RJ04Pkn","address2":"6e7PIuIEcp","firstName":"vmJfHxvyU8","country":"1uxWYEeUeB","city":"UsVfzPe1Rg"},{"@id":1858940617,"lastName":"FyuiKkauq5","postCode":"y8CUGjTErz","address1":"aBhGUaMbtz","address2":"Tuwy0kL1vF","firstName":"CZAgqtKcvc","country":"Vn7yCzi5vh","city":"v8ygd0NP90"},{"@id":-185876707,"lastName":"iFVzsGG8Eu","postCode":"U7ImPcNoiy","address1":"ZYm9O4RNXy","address2":"GWaKh15r0S","firstName":"0INDgfyfjn","country":"qTr62mGMOp","city":"bbkgvFBm7s"},{"@id":991320619,"lastName":"N3TltPOwlA","postCode":"Fv4diTJ8DY","address1":"wGUf0b6RsP","address2":"XTAOKg58_v","firstName":"GlOcBTGDlU","country":"3StK7t3YAw","city":"DFeKXa3hRO"},{"@id":-1059833866,"lastName":"rf5tLb_sai","postCode":"twdvyaYc6t","address1":"G81sd_Qo07","address2":"4FFHWaBFXr","firstName":"2ti62Q7TWT","country":"nOv9RA2EVt","city":"8BPLDiUmQR"},{"@id":-417397372,"lastName":"RLHypZpSL7","postCode":"BIw5ufr2qt","address1":"VXYpEYOKNS","address2":"oB_Mw2UvoA","firstName":"mqWiLs0fmA","country":"D_o1BM2sfN","city":"UoHpYtsmEa"},{"@id":-620062890,"lastName":"cziO0WYKZ3","postCode":"jQr8GkZ2Cg","address1":"lVReqxrFgf","address2":"dMoSf0ZlHx","firstName":"F5bY6hLtEZ","country":"SlIyRrwocR","city":"XAonYtdQG7"},{"@id":-698225560,"lastName":"_AFc6Zpkdn","postCode":"HIAklXuk3M","address1":"3Az5ivnibZ","address2":"2AUOebJ4c2","firstName":"m9SAUeCiCN","country":"4IVz8HqmJE","city":"Y8Ux7eJbii"},{"@id":-662293220,"lastName":"d0OtgiiaTz","postCode":"2Qa56Y8KhB","address1":"n5nfusgr1E","address2":"qe5h2vnzJz","firstName":"0sDLS3ipJ4","country":"mEQCKaBjDy","city":"GUV8ci_Lz9"},{"@id":-813255169,"lastName":"IJjxUfbLXA","postCode":"uHcZ0kes32","address1":"QZtbmXjtIr","address2":"c7EVAgJbx7","firstName":"nQV3_Z66ST","country":"GMYXxA6vp9","city":"quI3i1xTwp"},{"@id":-1870991476,"lastName":"hb6kTs8bwO","postCode":"dxfmOFuGm_","address1":"JnMCLN147D","address2":"2RUPCcFpEm","firstName":"goZn3hRoBZ","country":"qx57CfjpUM","city":"ww4Ug38Zm6"},{"@id":-1745425382,"lastName":"hizIOM_Z8V","postCode":"0KXVOsBkyz","address1":"sGTkbWDAha","address2":"KO3bXzp5ON","firstName":"dfk4I0PuDQ","country":"De26Y3uTGs","city":"s5luJIdUJc"},{"@id":-646755001,"lastName":"EtOZ3f8lsm","postCode":"vyogOp0jy_","address1":"u4j0xFjahL","address2":"0nEgvxqfMS","firstName":"zWUFNhp1EU","country":"EtTzXaA0mr","city":"V3snpzMDf7"},{"@id":1916414800,"lastName":"5lgy39I89Q","postCode":"GfborWYVPZ","address1":"Cjff5zSTX2","address2":"ge0OhiXkRe","firstName":"6J8DUw5vrY","country":"XPaz_N75zZ","city":"Roc_wr3pRZ"}]}}